Middle East and North Africa,Azerbaijan,Snacks,Online,C,10/8/2014,535113847,10/23/2014,934,152.58,97.44,142509.72
Central America and the Caribbean,Panama,Cosmetics,Offline,L,2/22/2015,874708545,2/27/2015,4551,437.2,263.33,1989697.2
Sub-Saharan Africa,Sao Tome and Principe,Fruits,Offline,M,12/9/2015,854349935,1/18/2016,9986,9.33,6.92,93169.38
Sub-Saharan Africa,Sao Tome and Principe,Personal Care,Online,M,9/17/2014,892836844,10/12/2014,9118,81.73,56.67,745214.14
Central America and the Caribbean,Belize,Household,Offline,H,2/4/2010,129280602,3/5/2010,5858,668.27,502.54,3914725.66
Europe,Denmark,Clothes,Online,C,2/20/2013,473105037,2/28/2013,1149,109.28,35.84,125562.72
Europe,Germany,Cosmetics,Offline,M,3/31/2013,754046475,5/3/2013,7964,437.2,263.33,3481860.8
Middle East and North Africa,Turkey,Fruits,Online,C,3/26/2012,772153747,4/7/2012,6307,9.33,6.92,58844.31
Europe,United Kingdom,Snacks,Online,H,12/29/2012,847788178,1/15/2013,8217,152.58,97.44,1253749.86
Asia,Kazakhstan,Cosmetics,Online,H,9/11/2015,471623599,9/18/2015,2758,437.2,263.33,1205797.6
Central America and the Caribbean,Haiti,Cosmetics,Online,C,12/27/2013,554646337,1/1/2014,1031,437.2,263.33,450753.2
Europe,Italy,Clothes,Online,M,12/17/2013,278155219,1/10/2014,1165,109.28,35.84,127311.2
Europe,Malta,Household,Offline,L,3/10/2015,243761575,4/17/2015,3322,668.27,502.54,2219992.94
Middle East and North Africa,Jordan,Household,Offline,L,7/9/2014,223389232,7/18/2014,4693,668.27,502.54,3136191.11
Asia,Cambodia,Vegetables,Offline,H,6/14/2017,509274518,6/29/2017,4502,154.06,90.93,693578.12
Central America and the Caribbean,Saint Kitts and Nevis ,Office Supplies,Online,H,8/10/2011,563966262,8/29/2011,9004,651.21,524.96,5863494.84
Sub-Saharan Africa,Cameroon,Fruits,Online,H,12/18/2015,370325791,2/6/2016,6486,9.33,6.92,60514.38
Middle East and North Africa,Bahrain,Vegetables,Offline,L,6/26/2016,881526935,7/19/2016,2264,154.06,90.93,348791.84
Australia and Oceania,Solomon Islands,Beverages,Offline,C,5/11/2015,871056020,5/30/2015,3688,47.45,31.79,174995.6
Europe,Monaco,Office Supplies,Online,M,1/13/2012,982711875,1/17/2012,5137,651.21,524.96,3345265.77
Sub-Saharan Africa,Comoros,Beverages,Offline,L,8/10/2014,580605828,8/20/2014,3022,47.45,31.79,143393.9
Europe,Iceland,Meat,Online,L,4/22/2013,899161708,4/28/2013,786,421.89,364.69,331605.54
Sub-Saharan Africa,Zambia,Cosmetics,Offline,M,7/26/2014,993115842,8/20/2014,3902,437.2,263.33,1705954.4
Middle East and North Africa,Egypt,Cereal,Online,C,7/14/2014,887517058,8/20/2014,4875,205.7,117.11,1002787.5
Sub-Saharan Africa,Togo,Clothes,Offline,L,6/1/2010,227726686,6/28/2010,8242,109.28,35.84,900685.76
Middle East and North Africa,Saudi Arabia,Vegetables,Online,H,11/4/2011,529418551,11/20/2011,5569,154.06,90.93,857960.14
Middle East and North Africa,Morocco,Vegetables,Offline,L,5/15/2014,228578984,6/26/2014,456,154.06,90.93,70251.36
Middle East and North Africa,Tunisia ,Office Supplies,Offline,L,10/28/2010,531506812,11/23/2010,3532,651.21,524.96,2300073.72
Sub-Saharan Africa,Angola,Cosmetics,Offline,L,4/1/2010,464813363,4/8/2010,7458,437.2,263.33,3260637.6
Asia,Vietnam,Cereal,Offline,H,5/22/2011,925422465,6/2/2011,1927,205.7,117.11,396383.9
Europe,Belarus,Meat,Online,L,1/20/2014,630570447,2/15/2014,8663,421.89,364.69,3654833.07
Asia,Myanmar,Snacks,Offline,C,5/5/2015,167806136,6/3/2015,6420,152.58,97.44,979563.6
Europe,Lithuania,Fruits,Offline,H,5/25/2013,644990861,6/4/2013,5984,9.33,6.92,55830.72
Europe,Switzerland,Baby Food,Offline,M,3/26/2011,540298449,5/15/2011,5173,255.28,159.42,1320563.44
Central America and the Caribbean,Antigua and Barbuda ,Baby Food,Offline,M,11/30/2012,652215230,1/6/2013,3835,255.28,159.42,978998.8
Asia,Mongolia,Meat,Offline,M,3/23/2012,949540030,3/26/2012,8851,421.89,364.69,3734148.39
North America,Greenland,Fruits,Online,L,7/30/2011,121384179,9/12/2011,9131,9.33,6.92,85192.23
Sub-Saharan Africa,Eritrea,Cosmetics,Offline,H,8/30/2010,527171504,10/7/2010,618,437.2,263.33,270189.6
Europe,Lithuania,Baby Food,Online,C,3/28/2010,546638333,4/28/2010,1285,255.28,159.42,328034.8
Central America and the Caribbean,Saint Vincent and the Grenadines,Personal Care,Offline,L,12/1/2015,429833495,12/8/2015,6138,81.73,56.67,501658.74
Europe,Portugal,Vegetables,Offline,L,8/26/2011,947118318,9/8/2011,2212,154.06,90.93,340780.72
Middle East and North Africa,Somalia,Beverages,Offline,M,7/17/2016,239166629,8/20/2016,3575,47.45,31.79,169633.75
Middle East and North Africa,Turkey,Clothes,Online,M,11/20/2012,566964757,12/7/2012,6326,109.28,35.84,691305.28
Middle East and North Africa,Israel,Vegetables,Offline,H,7/23/2010,661811530,9/10/2010,3594,154.06,90.93,553691.64
Central America and the Caribbean,Dominica,Clothes,Online,H,11/29/2012,675318276,12/28/2012,540,109.28,35.84,59011.2
Europe,Luxembourg,Meat,Offline,C,1/7/2013,829408824,2/23/2013,9357,421.89,364.69,3947624.73
Europe,Switzerland,Meat,Online,L,7/31/2012,966319501,8/1/2012,4269,421.89,364.69,1801048.41
Asia,Singapore,Baby Food,Online,H,8/1/2010,998599135,9/5/2010,6530,255.28,159.42,1666978.4
Europe,Cyprus,Snacks,Offline,C,8/25/2014,459109055,10/13/2014,9427,152.58,97.44,1438371.66
Sub-Saharan Africa,Botswana,Baby Food,Offline,H,7/11/2014,751023089,8/13/2014,3276,255.28,159.42,836297.28
Central America and the Caribbean,Belize,Office Supplies,Online,C,3/7/2016,197827565,4/21/2016,428,651.21,524.96,278717.88
Sub-Saharan Africa,Malawi,Clothes,Online,C,4/15/2015,793321311,5/9/2015,260,109.28,35.84,28412.8
Asia,Kyrgyzstan,Personal Care,Online,H,2/24/2016,551615655,3/23/2016,4185,81.73,56.67,342040.05
Europe,Macedonia,Snacks,Online,C,10/11/2012,257134425,10/12/2012,645,152.58,97.44,98414.1
Sub-Saharan Africa,Rwanda,Household,Online,C,5/28/2015,314613950,5/29/2015,114,668.27,502.54,76182.78
Sub-Saharan Africa,Cape Verde,Snacks,Offline,C,5/19/2016,299103057,6/11/2016,96,152.58,97.44,14647.68
Middle East and North Africa,Pakistan,Office Supplies,Online,L,9/14/2016,305963075,10/11/2016,128,651.21,524.96,83354.88
Asia,Kyrgyzstan,Baby Food,Offline,M,8/24/2014,500867831,9/2/2014,6777,255.28,159.42,1730032.56
Sub-Saharan Africa,Eritrea,Personal Care,Offline,H,2/11/2017,669803655,3/14/2017,8641,81.73,56.67,706228.93
Middle East and North Africa,Israel,Office Supplies,Online,C,2/27/2013,669069373,4/10/2013,1351,651.21,524.96,879784.71
Middle East and North Africa,Libya,Meat,Offline,C,8/9/2015,875276315,8/11/2015,2567,421.89,364.69,1082991.63
Asia,Bangladesh,Snacks,Online,M,11/3/2011,835348308,11/18/2011,6982,152.58,97.44,1065313.56
Sub-Saharan Africa,Benin,Vegetables,Offline,M,1/11/2013,616521680,2/22/2013,1320,154.06,90.93,203359.2
Sub-Saharan Africa,Burundi,Snacks,Online,H,6/25/2012,356345260,7/31/2012,9336,152.58,97.44,1424486.88
Europe,Malta,Beverages,Offline,M,2/21/2012,712680375,3/4/2012,6815,47.45,31.79,323371.75
Central America and the Caribbean,Saint Vincent and the Grenadines,Personal Care,Offline,C,3/23/2011,613700854,4/17/2011,6575,81.73,56.67,537374.75
Asia,China,Cereal,Online,M,1/4/2010,407893025,2/14/2010,3465,205.7,117.11,712750.5
Central America and the Caribbean,Dominica,Cosmetics,Online,M,8/23/2013,514055716,9/6/2013,9365,437.2,263.33,4094378
Europe,Albania,Cereal,Offline,L,3/5/2013,971300256,3/20/2013,8185,205.7,117.11,1683654.5
Europe,Luxembourg,Vegetables,Offline,M,2/2/2012,989050471,3/22/2012,868,154.06,90.93,133724.08
Middle East and North Africa,Pakistan,Cosmetics,Offline,L,12/3/2014,297042691,1/8/2015,388,437.2,263.33,169633.6
Europe,Bulgaria,Clothes,Offline,H,12/6/2015,495325744,1/10/2016,6750,109.28,35.84,737640
Middle East and North Africa,Egypt,Cereal,Online,M,6/5/2010,104260957,6/22/2010,1989,205.7,117.11,409137.3
Sub-Saharan Africa,Central African Republic,Meat,Online,M,9/21/2013,414522159,11/3/2013,5173,421.89,364.69,2182436.97
Sub-Saharan Africa,Benin,Household,Offline,H,11/28/2011,537095677,1/2/2012,7401,668.27,502.54,4945866.27
Middle East and North Africa,Turkey,Household,Online,L,1/22/2011,553280341,1/27/2011,6803,668.27,502.54,4546240.81
Europe,Ukraine,Fruits,Offline,C,10/3/2010,164687478,10/31/2010,3539,9.33,6.92,33018.87
Sub-Saharan Africa,Uganda,Cosmetics,Online,H,6/3/2015,943240916,6/19/2015,4803,437.2,263.33,2099871.6
Sub-Saharan Africa,Ghana,Beverages,Offline,L,5/27/2015,481176984,7/12/2015,9817,47.45,31.79,465816.65
Sub-Saharan Africa,Namibia,Vegetables,Offline,C,6/19/2013,941044509,7/22/2013,4837,154.06,90.93,745188.22
Sub-Saharan Africa,Republic of the Congo,Household,Online,C,6/14/2013,505704820,6/17/2013,8149,668.27,502.54,5445732.23
Europe,Netherlands,Meat,Offline,L,6/20/2016,128331744,7/15/2016,5070,421.89,364.69,2138982.3
Australia and Oceania,Australia,Cereal,Online,H,2/14/2017,382411611,3/13/2017,2948,205.7,117.11,606403.6
Europe,Montenegro,Snacks,Online,H,11/14/2014,111743247,12/10/2014,6165,152.58,97.44,940655.7
Middle East and North Africa,Iraq,Household,Online,L,3/27/2010,480437982,3/30/2010,1130,668.27,502.54,755145.1
Sub-Saharan Africa,Cote d'Ivoire,Beverages,Online,H,2/27/2016,922919642,3/27/2016,1286,47.45,31.79,61020.7
North America,Mexico,Office Supplies,Offline,C,5/12/2016,493924558,6/16/2016,2108,651.21,524.96,1372750.68
Europe,Slovakia,Vegetables,Online,C,7/24/2014,118501555,9/4/2014,6098,154.06,90.93,939457.88
Europe,Bulgaria,Office Supplies,Online,H,7/16/2015,342011964,8/20/2015,7795,651.21,524.96,5076181.95
Middle East and North Africa,Afghanistan,Office Supplies,Offline,H,10/11/2013,880129611,11/15/2013,8765,651.21,524.96,5707855.65
Asia,Indonesia,Cereal,Online,H,5/28/2012,168840825,6/25/2012,2607,205.7,117.11,536259.9
Europe,Italy,Cosmetics,Online,L,10/30/2011,314444434,12/8/2011,9951,437.2,263.33,4350577.2
Europe,Ukraine,Cereal,Offline,M,7/4/2013,343551766,7/8/2013,3457,205.7,117.11,711104.9
Asia,Thailand,Office Supplies,Offline,M,3/11/2016,253086650,3/11/2016,2819,651.21,524.96,1835760.99
Sub-Saharan Africa,Mali,Office Supplies,Offline,M,2/14/2012,560285413,2/28/2012,9759,651.21,524.96,6355158.39
North America,Mexico,Personal Care,Offline,M,7/14/2013,952696883,8/8/2013,3034,81.73,56.67,247968.82
Middle East and North Africa,Lebanon,Baby Food,Offline,H,1/2/2011,738182389,1/24/2011,3428,255.28,159.42,875099.84
Asia,South Korea,Beverages,Offline,M,2/13/2015,194915759,3/18/2015,8759,47.45,31.79,415614.55
Middle East and North Africa,United Arab Emirates,Meat,Online,C,10/19/2014,121383321,10/20/2014,8877,421.89,364.69,3745117.53
Europe,Georgia,Household,Offline,C,5/24/2011,486383903,5/31/2011,660,668.27,502.54,441058.2
Sub-Saharan Africa,Guinea-Bissau,Fruits,Offline,C,11/23/2014,879028832,1/6/2015,3020,9.33,6.92,28176.6
Europe,Georgia,Vegetables,Online,H,6/2/2017,958741939,7/14/2017,1900,154.06,90.93,292714
Sub-Saharan Africa,Malawi,Personal Care,Offline,C,2/25/2012,905259549,4/13/2012,5272,81.73,56.67,430880.56
Middle East and North Africa,Saudi Arabia,Household,Online,M,4/10/2012,968630492,5/25/2012,8143,668.27,502.54,5441722.61
Central America and the Caribbean,Saint Lucia,Fruits,Online,L,11/22/2016,119216096,12/20/2016,7547,9.33,6.92,70413.51
Europe,Macedonia,Snacks,Offline,H,10/23/2014,997690188,11/26/2014,7552,152.58,97.44,1152284.16
Sub-Saharan Africa,Rwanda,Beverages,Offline,H,1/16/2011,465039098,1/26/2011,4258,47.45,31.79,202042.1
Central America and the Caribbean,Dominica,Beverages,Online,C,6/19/2015,852561652,8/2/2015,794,47.45,31.79,37675.3
Middle East and North Africa,Libya,Baby Food,Offline,H,4/15/2016,511869180,5/18/2016,2320,255.28,159.42,592249.6
Sub-Saharan Africa,Angola,Personal Care,Offline,H,2/26/2014,564885509,3/15/2014,1030,81.73,56.67,84181.9
Sub-Saharan Africa,Lesotho,Household,Offline,C,10/7/2010,853846967,11/24/2010,1147,668.27,502.54,766505.69
Sub-Saharan Africa,Mauritius ,Meat,Offline,M,9/6/2012,391302382,9/18/2012,3925,421.89,364.69,1655918.25
Sub-Saharan Africa,Sudan,Snacks,Offline,M,5/16/2012,510113084,6/1/2012,2652,152.58,97.44,404642.16
Europe,Slovakia,Snacks,Offline,C,9/29/2014,813452899,11/18/2014,7644,152.58,97.44,1166321.52
Asia,Japan,Cosmetics,Online,C,8/11/2010,524808156,8/27/2010,1251,437.2,263.33,546937.2
Europe,Estonia,Household,Online,H,10/15/2010,737977683,10/24/2010,2851,668.27,502.54,1905237.77
Asia,Laos,Baby Food,Online,L,1/5/2012,367072808,2/10/2012,3856,255.28,159.42,984359.68
Europe,Belgium,Clothes,Online,C,11/14/2015,196517360,12/22/2015,2709,109.28,35.84,296039.52
Asia,Bhutan,Meat,Offline,M,6/8/2017,631047666,7/3/2017,9882,421.89,364.69,4169116.98
North America,United States of America,Household,Offline,L,8/23/2016,345712554,10/5/2016,2882,668.27,502.54,1925954.14
Middle East and North Africa,Egypt,Personal Care,Online,C,6/28/2014,335873353,8/16/2014,1244,81.73,56.67,101672.12
Europe,Sweden,Household,Offline,C,10/25/2016,767203891,12/6/2016,1535,668.27,502.54,1025794.45
Asia,Nepal,Baby Food,Offline,M,5/23/2015,525690495,6/24/2015,2354,255.28,159.42,600929.12
Sub-Saharan Africa,Senegal,Clothes,Online,M,5/26/2014,367631995,6/13/2014,9332,109.28,35.84,1019800.96
Central America and the Caribbean,Dominican Republic,Baby Food,Online,H,7/12/2011,669639718,7/25/2011,128,255.28,159.42,32675.84
Europe,Ukraine,Clothes,Online,H,11/17/2016,978637492,12/4/2016,9436,109.28,35.84,1031166.08
Sub-Saharan Africa,Comoros,Clothes,Online,C,5/2/2011,461861646,6/16/2011,3979,109.28,35.84,434825.12
Sub-Saharan Africa,Benin,Cereal,Offline,M,11/30/2010,156861007,1/15/2011,7513,205.7,117.11,1545424.1
Sub-Saharan Africa,Ethiopia,Fruits,Offline,M,7/23/2017,721496903,8/30/2017,5822,9.33,6.92,54319.26
Sub-Saharan Africa,Djibouti,Cosmetics,Offline,L,5/7/2015,183943164,5/30/2015,1725,437.2,263.33,754170
Middle East and North Africa,United Arab Emirates,Cosmetics,Online,C,2/18/2012,692686116,3/9/2012,70,437.2,263.33,30604
Europe,Italy,Beverages,Online,M,1/18/2013,866524589,2/19/2013,2737,47.45,31.79,129870.65
Asia,Kazakhstan,Clothes,Offline,L,9/24/2016,744569909,10/23/2016,3637,109.28,35.84,397451.36
Central America and the Caribbean,The Bahamas,Cosmetics,Online,H,7/5/2011,436245906,7/22/2011,3713,437.2,263.33,1623323.6
Middle East and North Africa,Algeria,Fruits,Online,M,1/26/2017,571288907,2/12/2017,5938,9.33,6.92,55401.54
Europe,Malta,Office Supplies,Online,L,7/11/2012,949747741,8/16/2012,317,651.21,524.96,206433.57
Sub-Saharan Africa,Sudan,Personal Care,Offline,C,11/27/2015,991983735,1/12/2016,8886,81.73,56.67,726252.78
Europe,Lithuania,Baby Food,Offline,C,3/24/2012,188670718,3/31/2012,713,255.28,159.42,182014.64
Sub-Saharan Africa,Lesotho,Office Supplies,Online,L,4/20/2010,350795018,6/2/2010,6896,651.21,524.96,4490744.16
Middle East and North Africa,Israel,Snacks,Offline,H,3/15/2016,659655463,3/29/2016,5565,152.58,97.44,849107.7
Sub-Saharan Africa,Benin,Baby Food,Online,M,5/15/2014,816863381,6/30/2014,6882,255.28,159.42,1756836.96
Sub-Saharan Africa,Burundi,Snacks,Online,C,10/16/2016,594342601,10/16/2016,8038,152.58,97.44,1226438.04
Central America and the Caribbean,Costa Rica,Clothes,Offline,M,10/28/2013,284329450,11/2/2013,8257,109.28,35.84,902324.96
Asia,Maldives,Office Supplies,Online,C,10/20/2015,249372756,11/14/2015,3795,651.21,524.96,2471341.95
Sub-Saharan Africa,Mauritania,Vegetables,Online,H,6/1/2011,472333848,7/7/2011,2937,154.06,90.93,452474.22
Sub-Saharan Africa,Liberia,Beverages,Offline,H,12/3/2016,106386554,12/8/2016,1000,47.45,31.79,47450
Australia and Oceania,East Timor,Meat,Online,C,10/15/2011,625017201,10/28/2011,5334,421.89,364.69,2250361.26
Europe,Sweden,Vegetables,Offline,C,8/10/2010,872024619,9/5/2010,318,154.06,90.93,48991.08
Sub-Saharan Africa,Republic of the Congo,Personal Care,Online,C,11/27/2013,211520135,12/22/2013,2363,81.73,56.67,193127.99
Asia,Uzbekistan,Meat,Offline,L,11/29/2011,777927577,12/29/2011,4912,421.89,364.69,2072323.68
Middle East and North Africa,Saudi Arabia,Snacks,Offline,C,1/21/2011,725983273,2/13/2011,3438,152.58,97.44,524570.04
Sub-Saharan Africa,South Africa,Snacks,Offline,M,1/23/2015,980736052,2/17/2015,447,152.58,97.44,68203.26
Sub-Saharan Africa,Lesotho,Cosmetics,Offline,C,7/24/2013,287547242,8/13/2013,474,437.2,263.33,207232.8
Asia,Thailand,Clothes,Offline,L,3/9/2016,162090671,4/9/2016,5086,109.28,35.84,555798.08
Australia and Oceania,Australia,Cereal,Online,C,12/2/2010,840352666,1/14/2011,7883,205.7,117.11,1621533.1
Central America and the Caribbean,Dominica,Cosmetics,Offline,H,4/21/2013,828632056,5/21/2013,9494,437.2,263.33,4150776.8
Europe,Monaco,Cosmetics,Online,H,3/28/2017,953540170,4/26/2017,2581,437.2,263.33,1128413.2
Middle East and North Africa,Egypt,Snacks,Online,C,11/24/2013,312000834,12/11/2013,6835,152.58,97.44,1042884.3
Europe,Ireland,Meat,Online,L,8/30/2010,321250379,9/30/2010,3981,421.89,364.69,1679544.09
Asia,South Korea,Office Supplies,Online,H,3/13/2012,668837630,5/1/2012,2773,651.21,524.96,1805805.33
Asia,Kyrgyzstan,Beverages,Offline,L,8/29/2016,662623918,9/8/2016,3997,47.45,31.79,189657.65
Sub-Saharan Africa,Benin,Cosmetics,Online,L,11/27/2011,580783069,1/12/2012,5471,437.2,263.33,2391921.2
Asia,India,Cereal,Online,C,2/25/2017,321801412,4/11/2017,7044,205.7,117.11,1448950.8
Sub-Saharan Africa,Burundi,Baby Food,Online,L,1/14/2011,754477775,2/23/2011,5595,255.28,159.42,1428291.6
Asia,Maldives,Meat,Online,L,2/11/2011,567923486,3/5/2011,35,421.89,364.69,14766.15
Asia,India,Clothes,Offline,L,1/27/2017,321562373,2/21/2017,6307,109.28,35.84,689228.96
Middle East and North Africa,United Arab Emirates,Fruits,Online,H,7/15/2014,195130765,8/27/2014,2384,9.33,6.92,22242.72
Sub-Saharan Africa,Sudan,Baby Food,Online,L,9/5/2016,438677489,9/14/2016,3272,255.28,159.42,835276.16
Sub-Saharan Africa,Swaziland,Fruits,Offline,L,1/13/2015,922563874,2/3/2015,6007,9.33,6.92,56045.31
Sub-Saharan Africa,Angola,Beverages,Offline,M,7/20/2013,687463748,8/1/2013,4655,47.45,31.79,220879.75
Europe,Slovenia,Cosmetics,Offline,M,3/31/2017,194363439,5/2/2017,5316,437.2,263.33,2324155.2
Asia,North Korea,Personal Care,Offline,H,4/10/2013,874561774,4/26/2013,1119,81.73,56.67,91455.87
Sub-Saharan Africa,Tanzania,Office Supplies,Online,M,7/26/2012,179670083,8/10/2012,7225,651.21,524.96,4704992.25
Australia and Oceania,Papua New Guinea,Snacks,Offline,M,10/7/2015,131612193,10/23/2015,5828,152.58,97.44,889236.24
Asia,Turkmenistan,Cereal,Offline,M,12/30/2016,572624433,1/20/2017,1149,205.7,117.11,236349.3
Central America and the Caribbean,Grenada,Cosmetics,Offline,H,4/3/2015,515255630,4/21/2015,4446,437.2,263.33,1943791.2
Europe,Sweden,Cereal,Offline,H,7/29/2010,392367112,8/10/2010,9003,205.7,117.11,1851917.1
Europe,Greece,Snacks,Offline,C,6/9/2015,707132709,7/23/2015,5137,152.58,97.44,783803.46
Central America and the Caribbean,Costa Rica,Cereal,Online,H,1/31/2013,683038747,2/16/2013,5199,205.7,117.11,1069434.3
Australia and Oceania,Kiribati,Snacks,Offline,L,5/2/2014,513884055,5/25/2014,8566,152.58,97.44,1307000.28
Asia,Turkmenistan,Meat,Offline,L,12/3/2015,913779962,12/24/2015,6652,421.89,364.69,2806412.28
Middle East and North Africa,Somalia,Beverages,Offline,H,11/10/2011,867150294,11/13/2011,7897,47.45,31.79,374712.65
Middle East and North Africa,Saudi Arabia,Meat,Offline,C,5/14/2012,778731381,6/10/2012,2776,421.89,364.69,1171166.64
Europe,Portugal,Clothes,Offline,C,5/20/2017,223572051,6/28/2017,8793,109.28,35.84,960899.04
Middle East and North Africa,Iran,Baby Food,Online,M,9/30/2012,197033631,11/18/2012,5485,255.28,159.42,1400210.8
Asia,Cambodia,Personal Care,Offline,C,11/21/2011,864789950,11/22/2011,9419,81.73,56.67,769814.87
Europe,Switzerland,Personal Care,Offline,C,2/19/2014,212827336,3/1/2014,9193,81.73,56.67,751343.89
Central America and the Caribbean,Dominica,Vegetables,Offline,M,2/11/2016,797444617,3/5/2016,438,154.06,90.93,67478.28
Asia,Kazakhstan,Household,Offline,L,7/1/2015,295253121,7/3/2015,815,668.27,502.54,544640.05
Asia,Myanmar,Snacks,Online,M,10/27/2014,953176677,12/15/2014,5015,152.58,97.44,765188.7
Sub-Saharan Africa,Mauritius ,Office Supplies,Online,L,2/10/2010,138451611,3/7/2010,9763,651.21,524.96,6357763.23
Sub-Saharan Africa,Comoros,Personal Care,Online,C,5/22/2017,688626754,6/25/2017,8814,81.73,56.67,720368.22
Asia,Vietnam,Snacks,Online,M,11/17/2015,561563432,12/28/2015,7953,152.58,97.44,1213468.74
Sub-Saharan Africa,South Africa,Beverages,Online,M,5/15/2012,485435473,7/4/2012,9999,47.45,31.79,474452.55
Central America and the Caribbean,The Bahamas,Office Supplies,Online,M,9/22/2014,808729207,10/19/2014,9799,651.21,524.96,6381206.79
Middle East and North Africa,Tunisia ,Snacks,Online,C,12/5/2012,150243461,1/2/2013,9234,152.58,97.44,1408923.72
Sub-Saharan Africa,South Sudan,Personal Care,Offline,C,3/9/2013,349089562,3/31/2013,2214,81.73,56.67,180950.22
Sub-Saharan Africa,Guinea,Cereal,Online,H,5/27/2011,614691340,6/10/2011,9682,205.7,117.11,1991587.4
Asia,Vietnam,Personal Care,Online,M,2/14/2012,676785123,3/11/2012,4612,81.73,56.67,376938.76
Central America and the Caribbean,Grenada,Vegetables,Offline,L,3/2/2017,335419738,3/16/2017,7009,154.06,90.93,1079806.54
Central America and the Caribbean,Trinidad and Tobago,Fruits,Offline,C,4/13/2014,810956513,4/15/2014,8908,9.33,6.92,83111.64
Middle East and North Africa,Israel,Household,Offline,L,3/16/2011,694069278,5/5/2011,9378,668.27,502.54,6267036.06
Australia and Oceania,Papua New Guinea,Fruits,Offline,M,9/26/2016,895744359,10/24/2016,9516,9.33,6.92,88784.28
Middle East and North Africa,Iraq,Cosmetics,Offline,H,4/1/2014,597280585,4/1/2014,7453,437.2,263.33,3258451.6
Sub-Saharan Africa,Sudan,Baby Food,Online,M,11/19/2010,400289285,12/31/2010,3350,255.28,159.42,855188
Europe,Vatican City,Household,Offline,C,1/25/2011,976694285,2/7/2011,4398,668.27,502.54,2939051.46
Europe,Norway,Household,Offline,M,9/19/2012,818731915,11/1/2012,9823,668.27,502.54,6564416.21
Europe,Kosovo,Household,Online,H,1/14/2011,288951003,2/28/2011,5878,668.27,502.54,3928091.06
Australia and Oceania,Papua New Guinea,Cereal,Offline,L,6/4/2017,270212876,7/21/2017,850,205.7,117.11,174845
Middle East and North Africa,Kuwait,Meat,Online,C,4/13/2010,815691363,4/27/2010,56,421.89,364.69,23625.84
Australia and Oceania,Tuvalu,Baby Food,Offline,C,7/2/2014,698872792,7/29/2014,845,255.28,159.42,215711.6
Central America and the Caribbean,Nicaragua,Cereal,Online,H,5/24/2014,563555991,5/27/2014,7596,205.7,117.11,1562497.2
Europe,Croatia,Clothes,Online,M,6/25/2010,673852288,7/19/2010,6721,109.28,35.84,734470.88
Central America and the Caribbean,Haiti,Fruits,Online,L,9/16/2015,464185512,9/24/2015,1663,9.33,6.92,15515.79
Australia and Oceania,Tuvalu,Meat,Offline,M,10/18/2013,789291989,11/26/2013,7894,421.89,364.69,3330399.66
Europe,Croatia,Meat,Offline,H,1/13/2016,774220550,2/18/2016,7920,421.89,364.69,3341368.8
Europe,Czech Republic,Cereal,Offline,H,1/21/2012,964332520,2/24/2012,6277,205.7,117.11,1291178.9
Middle East and North Africa,Egypt,Cosmetics,Offline,H,6/30/2011,175301730,7/5/2011,4532,437.2,263.33,1981390.4
Sub-Saharan Africa,Sierra Leone,Vegetables,Offline,H,6/23/2017,443114507,7/29/2017,6284,154.06,90.93,968113.04
Sub-Saharan Africa,Rwanda,Fruits,Online,L,4/3/2015,274069678,5/22/2015,2163,9.33,6.92,20180.79
Europe,Macedonia,Meat,Offline,M,11/14/2013,494778573,12/17/2013,4830,421.89,364.69,2037728.7
Europe,Andorra,Meat,Online,L,1/28/2012,202165019,2/8/2012,3977,421.89,364.69,1677856.53
Asia,China,Clothes,Online,C,4/1/2017,813465344,4/26/2017,1327,109.28,35.84,145014.56
Central America and the Caribbean,Panama,Meat,Offline,M,5/4/2011,216228377,5/4/2011,5637,421.89,364.69,2378193.93
Australia and Oceania,Tonga,Baby Food,Online,L,3/20/2015,418315446,4/17/2015,7691,255.28,159.42,1963358.48
Europe,Finland,Meat,Online,H,9/27/2016,797900378,11/2/2016,5308,421.89,364.69,2239392.12
Sub-Saharan Africa,Senegal,Beverages,Offline,M,5/30/2012,353469502,6/15/2012,8335,47.45,31.79,395495.75
Asia,Maldives,Meat,Offline,C,2/25/2011,853821647,4/16/2011,3654,421.89,364.69,1541586.06
Europe,Montenegro,Beverages,Offline,M,5/18/2015,988068139,6/16/2015,174,47.45,31.79,8256.3
Sub-Saharan Africa,Guinea,Vegetables,Online,M,3/16/2017,415632808,4/21/2017,3839,154.06,90.93,591436.34
Sub-Saharan Africa,Lesotho,Cosmetics,Offline,C,5/25/2017,216251981,6/10/2017,2622,437.2,263.33,1146338.4
Central America and the Caribbean,Dominican Republic,Office Supplies,Offline,H,12/26/2013,639974486,12/28/2013,1527,651.21,524.96,994397.67
Middle East and North Africa,Jordan,Meat,Online,H,8/25/2013,657161653,10/6/2013,7591,421.89,364.69,3202566.99
Australia and Oceania,Papua New Guinea,Cosmetics,Offline,L,10/5/2012,208487308,10/24/2012,4882,437.2,263.33,2134410.4
Middle East and North Africa,Libya,Household,Offline,C,5/7/2016,654937779,6/8/2016,9498,668.27,502.54,6347228.46
Central America and the Caribbean,Cuba,Meat,Online,L,7/22/2011,727811896,8/8/2011,4569,421.89,364.69,1927615.41
Central America and the Caribbean,Saint Kitts and Nevis ,Baby Food,Offline,C,11/21/2016,578720986,12/16/2016,5255,255.28,159.42,1341496.4
Europe,Finland,Vegetables,Online,H,4/10/2010,429588878,5/23/2010,3750,154.06,90.93,577725
North America,Greenland,Personal Care,Offline,H,2/17/2016,122651898,3/10/2016,4277,81.73,56.67,349559.21
Europe,Netherlands,Baby Food,Offline,H,9/22/2010,470458877,9/24/2010,8091,255.28,159.42,2065470.48
Middle East and North Africa,Kuwait,Meat,Offline,M,10/27/2016,105871140,12/3/2016,8478,421.89,364.69,3576783.42
Europe,Belgium,Beverages,Online,M,8/8/2016,432062518,8/24/2016,5755,47.45,31.79,273074.75
Middle East and North Africa,Egypt,Fruits,Offline,C,1/13/2016,672519338,2/27/2016,2272,9.33,6.92,21197.76
Central America and the Caribbean,Dominican Republic,Cosmetics,Offline,L,10/13/2010,121040427,10/28/2010,7407,437.2,263.33,3238340.4
Middle East and North Africa,United Arab Emirates,Fruits,Online,C,9/24/2012,391737115,10/29/2012,2572,9.33,6.92,23996.76
Middle East and North Africa,Syria,Vegetables,Online,C,11/22/2015,469033229,1/7/2016,6210,154.06,90.93,956712.6
Europe,United Kingdom,Clothes,Offline,C,5/7/2015,757665097,5/14/2015,8794,109.28,35.84,961008.32
Europe,Monaco,Cereal,Offline,H,1/8/2011,832681548,1/22/2011,7829,205.7,117.11,1610425.3
Middle East and North Africa,Syria,Meat,Offline,H,6/26/2011,789443910,7/22/2011,2851,421.89,364.69,1202808.39
Central America and the Caribbean,Dominica,Personal Care,Offline,H,1/3/2015,793626010,2/13/2015,427,81.73,56.67,34898.71
Australia and Oceania,Tuvalu,Vegetables,Online,L,5/11/2013,631214177,5/28/2013,9157,154.06,90.93,1410727.42
Europe,Iceland,Baby Food,Online,C,9/23/2010,158507239,9/29/2010,4669,255.28,159.42,1191902.32
Central America and the Caribbean,Antigua and Barbuda ,Personal Care,Online,L,5/13/2012,652116525,6/1/2012,4626,81.73,56.67,378082.98
Sub-Saharan Africa,Cote d'Ivoire,Cereal,Online,C,3/27/2013,758965861,4/3/2013,3719,205.7,117.11,764998.3
Australia and Oceania,Tuvalu,Vegetables,Offline,L,12/7/2016,546291577,1/9/2017,8672,154.06,90.93,1336008.32
Sub-Saharan Africa,Mauritius ,Fruits,Online,L,10/6/2016,151642501,11/25/2016,3241,9.33,6.92,30238.53
Central America and the Caribbean,El Salvador,Meat,Offline,C,9/2/2014,232879960,9/24/2014,3210,421.89,364.69,1354266.9
Asia,Maldives,Snacks,Offline,L,6/10/2017,618177783,6/14/2017,1398,152.58,97.44,213306.84
Australia and Oceania,Australia,Snacks,Online,M,3/21/2010,756022298,4/2/2010,2653,152.58,97.44,404794.74
Middle East and North Africa,Iran,Beverages,Offline,L,4/13/2013,165212333,4/15/2013,8855,47.45,31.79,420169.75
Sub-Saharan Africa,Guinea,Personal Care,Offline,M,2/11/2010,684859216,3/26/2010,3916,81.73,56.67,320054.68
Asia,Japan,Fruits,Offline,L,10/8/2011,624386775,11/16/2011,8777,9.33,6.92,81889.41
Middle East and North Africa,Kuwait,Cereal,Offline,L,3/21/2015,613531339,4/3/2015,6412,205.7,117.11,1318948.4
Sub-Saharan Africa,Rwanda,Vegetables,Offline,C,9/16/2014,452341735,10/8/2014,6826,154.06,90.93,1051613.56
Europe,Slovenia,Cereal,Online,C,2/17/2013,461179292,3/27/2013,2056,205.7,117.11,422919.2
Asia,Cambodia,Meat,Online,L,8/27/2010,130717837,9/16/2010,1168,421.89,364.69,492767.52
Middle East and North Africa,Morocco,Vegetables,Online,M,1/29/2016,371943700,3/12/2016,5261,154.06,90.93,810509.66
Middle East and North Africa,Somalia,Household,Online,H,10/7/2012,366155707,10/23/2012,2465,668.27,502.54,1647285.55
Middle East and North Africa,Azerbaijan,Cosmetics,Offline,L,6/11/2015,714965188,6/26/2015,2942,437.2,263.33,1286242.4
Europe,Moldova ,Clothes,Offline,H,5/21/2013,290295970,5/25/2013,3883,109.28,35.84,424334.24
Europe,Italy,Snacks,Online,C,2/2/2012,284384381,2/10/2012,4513,152.58,97.44,688593.54
Sub-Saharan Africa,Ghana,Cosmetics,Online,C,4/26/2014,159779250,6/8/2014,1086,437.2,263.33,474799.2
Middle East and North Africa,Israel,Cereal,Offline,M,5/2/2016,799341905,6/6/2016,1888,205.7,117.11,388361.6
Sub-Saharan Africa,Benin,Fruits,Offline,C,9/7/2011,456246173,9/7/2011,2236,9.33,6.92,20861.88
Asia,Taiwan,Clothes,Online,H,2/10/2010,603978383,3/1/2010,9480,109.28,35.84,1035974.4
Sub-Saharan Africa,Mozambique,Baby Food,Offline,C,1/28/2011,986337363,2/6/2011,7999,255.28,159.42,2041984.72
Australia and Oceania,Samoa ,Cereal,Online,M,2/6/2015,967434442,2/7/2015,4205,205.7,117.11,864968.5
Middle East and North Africa,Afghanistan,Cosmetics,Online,C,5/29/2012,881693446,6/13/2012,1539,437.2,263.33,672850.8
Sub-Saharan Africa,Mauritania,Fruits,Online,C,1/4/2017,683850705,2/6/2017,5475,9.33,6.92,51081.75
Sub-Saharan Africa,Mozambique,Office Supplies,Online,H,6/25/2017,398955047,7/20/2017,8519,651.21,524.96,5547657.99
Australia and Oceania,Fiji,Fruits,Online,L,1/10/2011,572367799,2/5/2011,5206,9.33,6.92,48571.98
Europe,Albania,Snacks,Offline,H,11/7/2014,919762790,11/14/2014,7103,152.58,97.44,1083775.74
Sub-Saharan Africa,South Sudan,Household,Online,M,12/6/2016,777126348,12/12/2016,7811,668.27,502.54,5219856.97
Middle East and North Africa,Egypt,Personal Care,Online,L,2/7/2010,450757300,3/25/2010,7957,81.73,56.67,650325.61
Europe,Portugal,Beverages,Online,C,12/23/2010,767266976,1/5/2011,204,47.45,31.79,9679.8
Europe,Netherlands,Office Supplies,Offline,C,9/23/2010,823579204,10/28/2010,4243,651.21,524.96,2763084.03
Sub-Saharan Africa,Democratic Republic of the Congo,Cosmetics,Online,C,9/26/2016,236930310,11/14/2016,1799,437.2,263.33,786522.8
Europe,Albania,Clothes,Offline,C,12/14/2010,494869124,1/14/2011,1626,109.28,35.84,177689.28
Australia and Oceania,Papua New Guinea,Vegetables,Offline,L,3/30/2014,905256974,4/22/2014,4510,154.06,90.93,694810.6
Asia,Maldives,Cereal,Offline,C,6/23/2014,846267688,6/27/2014,8270,205.7,117.11,1701139
Sub-Saharan Africa,Gabon,Baby Food,Offline,C,9/19/2015,216387593,10/4/2015,2752,255.28,159.42,702530.56
North America,Greenland,Fruits,Offline,H,9/28/2011,784415519,11/5/2011,4838,9.33,6.92,45138.54
Sub-Saharan Africa,Sierra Leone,Personal Care,Offline,L,7/17/2012,339462792,7/30/2012,3439,81.73,56.67,281069.47
Central America and the Caribbean,Costa Rica,Cereal,Offline,M,3/28/2010,340953242,4/22/2010,4496,205.7,117.11,924827.2
Europe,Hungary,Fruits,Online,C,2/26/2013,968623197,3/15/2013,5984,9.33,6.92,55830.72
Europe,Greece,Cereal,Offline,H,10/7/2011,672521483,10/30/2011,2907,205.7,117.11,597969.9
Central America and the Caribbean,The Bahamas,Baby Food,Offline,H,9/25/2012,223009431,11/5/2012,2301,255.28,159.42,587399.28
Europe,Estonia,Personal Care,Online,L,6/13/2012,460760867,6/16/2012,8235,81.73,56.67,673046.55
Australia and Oceania,Tonga,Vegetables,Online,L,12/4/2015,946762120,12/13/2015,6805,154.06,90.93,1048378.3
Middle East and North Africa,Egypt,Household,Offline,M,4/24/2010,412312018,6/10/2010,1144,668.27,502.54,764500.88
Europe,Norway,Clothes,Online,L,2/11/2014,809021890,2/24/2014,6410,109.28,35.84,700484.8
Sub-Saharan Africa,Kenya,Baby Food,Online,H,10/30/2012,558815562,12/17/2012,4798,255.28,159.42,1224833.44
Asia,Bangladesh,Vegetables,Offline,H,9/26/2015,403929364,9/27/2015,530,154.06,90.93,81651.8
Europe,France,Cereal,Offline,M,3/30/2014,256912124,4/13/2014,4861,205.7,117.11,999907.7
Australia and Oceania,Marshall Islands,Cereal,Offline,C,12/20/2015,550625169,1/28/2016,1078,205.7,117.11,221744.6
Europe,Bosnia and Herzegovina,Vegetables,Online,H,9/2/2010,888242328,9/18/2010,9498,154.06,90.93,1463261.88
Sub-Saharan Africa,Namibia,Meat,Offline,L,11/18/2011,493249928,11/19/2011,2470,421.89,364.69,1042068.3
Europe,Croatia,Household,Online,C,4/11/2015,459446799,5/17/2015,9373,668.27,502.54,6263694.71
Europe,Norway,Cosmetics,Offline,M,1/5/2010,600944268,1/31/2010,1618,437.2,263.33,707389.6
Europe,Croatia,Snacks,Offline,L,10/29/2012,802166163,11/15/2012,7649,152.58,97.44,1167084.42
Sub-Saharan Africa,Sierra Leone,Cereal,Offline,H,3/23/2011,567848813,4/7/2011,7937,205.7,117.11,1632640.9
Europe,Russia,Meat,Online,C,9/14/2012,373041045,10/1/2012,9990,421.89,364.69,4214681.1
Europe,Ireland,Fruits,Online,M,9/9/2010,313104188,10/11/2010,3342,9.33,6.92,31180.86
Middle East and North Africa,Pakistan,Snacks,Offline,C,1/10/2011,553712069,1/17/2011,4561,152.58,97.44,695917.38
North America,Canada,Vegetables,Offline,L,1/19/2013,880851018,1/21/2013,2246,154.06,90.93,346018.76
Middle East and North Africa,Qatar,Beverages,Offline,M,5/21/2013,250819861,6/7/2013,2026,47.45,31.79,96133.7
Asia,Turkmenistan,Personal Care,Online,C,4/13/2017,840229928,4/27/2017,1562,81.73,56.67,127662.26
Europe,Moldova ,Meat,Offline,L,2/15/2012,396005046,3/31/2012,5548,421.89,364.69,2340645.72
Middle East and North Africa,Pakistan,Vegetables,Offline,H,8/28/2016,785381543,9/17/2016,706,154.06,90.93,108766.36
Australia and Oceania,Tuvalu,Cereal,Online,L,8/12/2016,345908248,9/25/2016,792,205.7,117.11,162914.4
Asia,Sri Lanka,Office Supplies,Online,L,12/8/2013,635446488,1/9/2014,1592,651.21,524.96,1036726.32
Europe,Finland,Baby Food,Online,H,5/31/2015,582170093,7/7/2015,5922,255.28,159.42,1511768.16
Europe,France,Office Supplies,Online,L,10/4/2013,534565389,10/30/2013,8633,651.21,524.96,5621895.93
Middle East and North Africa,Bahrain,Fruits,Online,L,2/8/2014,911431205,2/12/2014,1602,9.33,6.92,14946.66
Sub-Saharan Africa,Cote d'Ivoire,Snacks,Online,M,2/2/2015,851878869,3/15/2015,8743,152.58,97.44,1334006.94
Europe,Hungary,Personal Care,Offline,M,8/10/2012,465332210,9/22/2012,996,81.73,56.67,81403.08
Europe,Bulgaria,Clothes,Offline,H,3/20/2011,381527554,4/17/2011,1337,109.28,35.84,146107.36
Middle East and North Africa,Afghanistan,Personal Care,Offline,M,9/21/2012,400513732,9/28/2012,9768,81.73,56.67,798338.64
Europe,Kosovo,Cosmetics,Online,M,6/16/2012,842652070,6/16/2012,8328,437.2,263.33,3641001.6
Australia and Oceania,Australia,Meat,Online,H,7/30/2010,298616397,8/17/2010,6083,421.89,364.69,2566356.87
Europe,United Kingdom,Personal Care,Offline,C,11/22/2015,579393041,12/26/2015,4131,81.73,56.67,337626.63
Europe,Germany,Office Supplies,Offline,L,10/5/2011,866280829,10/14/2011,603,651.21,524.96,392679.63
Europe,Spain,Personal Care,Offline,H,11/26/2012,860891091,12/14/2012,5660,81.73,56.67,462591.8
Europe,Latvia,Baby Food,Offline,C,3/6/2016,335147655,3/29/2016,6494,255.28,159.42,1657788.32
Europe,Italy,Cosmetics,Online,L,12/6/2011,481286847,12/8/2011,2328,437.2,263.33,1017801.6
Middle East and North Africa,Lebanon,Snacks,Online,C,7/1/2010,761857497,7/20/2010,9418,152.58,97.44,1436998.44
Europe,Romania,Vegetables,Online,L,9/20/2015,259720933,9/20/2015,6050,154.06,90.93,932063
Middle East and North Africa,Lebanon,Cosmetics,Offline,H,7/23/2013,828050982,8/7/2013,7542,437.2,263.33,3297362.4
Europe,Bosnia and Herzegovina,Household,Offline,L,10/8/2013,340333974,11/17/2013,1241,668.27,502.54,829323.07
Asia,Maldives,Cereal,Online,L,10/22/2015,340368735,12/5/2015,1527,205.7,117.11,314103.9
Sub-Saharan Africa,Cape Verde,Personal Care,Online,L,8/14/2012,192266595,8/21/2012,4813,81.73,56.67,393366.49
Sub-Saharan Africa,Ethiopia,Vegetables,Offline,M,2/25/2017,230451381,2/25/2017,4540,154.06,90.93,699432.4
Sub-Saharan Africa,Cape Verde,Fruits,Online,C,2/15/2013,409659421,2/20/2013,6181,9.33,6.92,57668.73
Europe,Kosovo,Office Supplies,Online,M,10/30/2011,754939544,12/11/2011,2242,651.21,524.96,1460012.82
Central America and the Caribbean,Dominican Republic,Personal Care,Online,M,6/21/2010,911653077,8/6/2010,7259,81.73,56.67,593278.07
Europe,Monaco,Household,Online,M,2/8/2011,595473849,3/18/2011,2800,668.27,502.54,1871156
Australia and Oceania,Federated States of Micronesia,Fruits,Offline,H,11/11/2016,942388188,11/16/2016,2462,9.33,6.92,22970.46
Central America and the Caribbean,The Bahamas,Cereal,Offline,H,12/31/2012,458694922,1/21/2013,6876,205.7,117.11,1414393.2
Central America and the Caribbean,Barbados,Personal Care,Online,C,2/17/2016,871005380,3/11/2016,8702,81.73,56.67,711214.46
Sub-Saharan Africa,Burkina Faso,Office Supplies,Offline,M,6/4/2017,376243388,7/10/2017,7634,651.21,524.96,4971337.14
Europe,Slovakia,Snacks,Online,C,9/11/2016,391645276,10/30/2016,5395,152.58,97.44,823169.1
Australia and Oceania,Samoa ,Fruits,Offline,L,1/14/2011,604759871,2/22/2011,740,9.33,6.92,6904.2
Asia,Cambodia,Clothes,Online,H,9/29/2013,323448503,11/15/2013,4454,109.28,35.84,486733.12
Sub-Saharan Africa,South Sudan,Clothes,Online,H,9/6/2012,725884997,9/7/2012,4356,109.28,35.84,476023.68
Sub-Saharan Africa,Chad,Cosmetics,Offline,C,12/2/2011,810555684,1/15/2012,294,437.2,263.33,128536.8
Asia,South Korea,Cereal,Offline,C,10/20/2012,546259391,10/23/2012,9148,205.7,117.11,1881743.6
Europe,Georgia,Office Supplies,Offline,H,3/7/2010,422107446,4/2/2010,9828,651.21,524.96,6400091.88
Europe,Montenegro,Baby Food,Online,C,4/25/2011,997523677,6/6/2011,8278,255.28,159.42,2113207.84
Asia,Cambodia,Personal Care,Online,H,12/17/2016,652244412,2/2/2017,2471,81.73,56.67,201954.83
Middle East and North Africa,Lebanon,Beverages,Online,M,1/6/2010,536318480,1/29/2010,7411,47.45,31.79,351651.95
Australia and Oceania,Tonga,Personal Care,Offline,H,4/18/2012,520107209,5/5/2012,136,81.73,56.67,11115.28
Sub-Saharan Africa,Guinea,Fruits,Offline,L,8/10/2012,544284427,8/26/2012,4712,9.33,6.92,43962.96
Sub-Saharan Africa,Mozambique,Cosmetics,Offline,L,12/22/2015,169836461,1/7/2016,7238,437.2,263.33,3164453.6
Sub-Saharan Africa,Mauritius ,Beverages,Offline,L,2/10/2017,828062140,2/13/2017,844,47.45,31.79,40047.8
Europe,Cyprus,Household,Online,C,10/24/2011,870572793,11/23/2011,690,668.27,502.54,461106.3
Europe,Andorra,Snacks,Offline,M,11/11/2015,519292247,12/12/2015,8971,152.58,97.44,1368795.18
North America,Canada,Fruits,Offline,L,10/25/2015,516456830,11/3/2015,9908,9.33,6.92,92441.64
Europe,Croatia,Vegetables,Offline,C,8/29/2010,774615371,9/3/2010,4757,154.06,90.93,732863.42
Sub-Saharan Africa,The Gambia,Snacks,Online,L,8/3/2015,826629197,8/23/2015,6804,152.58,97.44,1038154.32
Europe,Greece,Snacks,Online,H,10/12/2012,275672137,11/27/2012,6366,152.58,97.44,971324.28
North America,United States of America,Baby Food,Online,C,10/11/2015,145230519,11/16/2015,5793,255.28,159.42,1478837.04
Asia,Philippines,Vegetables,Online,M,9/2/2012,629103171,10/6/2012,4463,154.06,90.93,687569.78
Sub-Saharan Africa,Chad,Fruits,Online,H,5/6/2015,641401422,6/21/2015,3789,9.33,6.92,35351.37
Europe,Netherlands,Personal Care,Offline,C,3/28/2010,966549098,4/13/2010,2212,81.73,56.67,180786.76
Europe,Armenia,Household,Offline,C,2/24/2015,209282529,2/25/2015,206,668.27,502.54,137663.62
Central America and the Caribbean,Costa Rica,Cosmetics,Online,C,11/10/2014,644650542,12/29/2014,5276,437.2,263.33,2306667.2
Central America and the Caribbean,Costa Rica,Fruits,Offline,L,5/15/2010,568014466,5/31/2010,6958,9.33,6.92,64918.14
Sub-Saharan Africa,Zimbabwe,Fruits,Offline,C,2/3/2015,145048129,2/4/2015,1820,9.33,6.92,16980.6
Asia,Uzbekistan,Meat,Online,H,3/21/2013,961737859,4/5/2013,8459,421.89,364.69,3568767.51
Middle East and North Africa,Afghanistan,Baby Food,Online,M,7/8/2016,174382483,7/14/2016,2507,255.28,159.42,639986.96
Sub-Saharan Africa,Ghana,Snacks,Online,M,2/5/2015,859593331,3/15/2015,1624,152.58,97.44,247789.92
Middle East and North Africa,Jordan,Cosmetics,Online,C,6/27/2011,764294230,7/6/2011,502,437.2,263.33,219474.4
Europe,Ukraine,Personal Care,Offline,C,11/8/2016,855721509,12/13/2016,5865,81.73,56.67,479346.45
Middle East and North Africa,Pakistan,Cosmetics,Online,H,12/8/2016,371423995,12/24/2016,1469,437.2,263.33,642246.8
Sub-Saharan Africa,Cameroon,Meat,Offline,C,9/3/2013,869263017,9/22/2013,3098,421.89,364.69,1307015.22
Sub-Saharan Africa,Botswana,Vegetables,Online,C,11/9/2013,377412402,12/27/2013,3572,154.06,90.93,550302.32
Sub-Saharan Africa,Niger,Fruits,Offline,H,3/13/2010,144358479,3/30/2010,7737,9.33,6.92,72186.21
Middle East and North Africa,Morocco,Clothes,Offline,H,5/29/2015,588900077,7/3/2015,7474,109.28,35.84,816758.72
Sub-Saharan Africa,Ethiopia,Fruits,Offline,M,12/18/2012,850148522,1/5/2013,6695,9.33,6.92,62464.35
Sub-Saharan Africa,Guinea,Cosmetics,Online,M,12/3/2013,137527644,12/26/2013,6341,437.2,263.33,2772285.2
Europe,Slovakia,Household,Online,H,4/4/2015,880773770,4/25/2015,9386,668.27,502.54,6272382.22
Europe,Ukraine,Cereal,Online,H,3/19/2011,179935729,4/8/2011,5836,205.7,117.11,1200465.2
Europe,Georgia,Office Supplies,Offline,H,4/3/2012,155374848,5/15/2012,7725,651.21,524.96,5030597.25
Sub-Saharan Africa,Sudan,Clothes,Online,C,12/22/2010,297764956,2/6/2011,4122,109.28,35.84,450452.16
Sub-Saharan Africa,Swaziland,Cereal,Online,L,3/5/2016,618092381,3/9/2016,6126,205.7,117.11,1260118.2
North America,Mexico,Fruits,Online,M,3/23/2011,297655951,4/23/2011,1865,9.33,6.92,17400.45
Sub-Saharan Africa,Uganda,Cereal,Online,C,11/2/2010,838066995,12/21/2010,1502,205.7,117.11,308961.4
Europe,Malta,Office Supplies,Online,L,11/15/2011,211249339,12/6/2011,2229,651.21,524.96,1451547.09
Europe,Netherlands,Household,Online,C,3/30/2012,509439313,4/23/2012,3268,668.27,502.54,2183906.36
Sub-Saharan Africa,Central African Republic,Household,Online,C,9/22/2014,295185744,10/15/2014,876,668.27,502.54,585404.52
Sub-Saharan Africa,Mauritania,Household,Offline,C,7/30/2015,451349961,9/14/2015,3338,668.27,502.54,2230685.26
Sub-Saharan Africa,Madagascar,Vegetables,Online,C,11/28/2015,131105792,12/5/2015,5972,154.06,90.93,920046.32
Central America and the Caribbean,The Bahamas,Clothes,Online,L,4/30/2010,807939565,6/8/2010,6126,109.28,35.84,669449.28
Europe,Kosovo,Office Supplies,Online,C,6/9/2013,425650107,6/15/2013,8181,651.21,524.96,5327549.01
Europe,Serbia,Fruits,Online,H,8/12/2010,148348748,9/23/2010,8546,9.33,6.92,79734.18
Europe,Lithuania,Household,Offline,H,10/19/2014,310459315,11/1/2014,665,668.27,502.54,444399.55
Central America and the Caribbean,Panama,Office Supplies,Offline,H,4/15/2017,866718137,4/20/2017,12,651.21,524.96,7814.52
Asia,China,Household,Online,H,3/23/2014,942174041,4/30/2014,9091,668.27,502.54,6075242.57
Europe,Cyprus,Cereal,Offline,M,5/21/2010,182188355,7/4/2010,2438,205.7,117.11,501496.6
Sub-Saharan Africa,Angola,Household,Offline,C,5/29/2015,102434909,7/15/2015,1621,668.27,502.54,1083265.67
Asia,Mongolia,Baby Food,Online,M,4/8/2017,938900029,5/11/2017,238,255.28,159.42,60756.64
Asia,Bhutan,Clothes,Offline,L,5/15/2016,297882544,6/9/2016,8919,109.28,35.84,974668.32
Sub-Saharan Africa,Djibouti,Office Supplies,Offline,H,3/8/2014,805993783,3/18/2014,326,651.21,524.96,212294.46
Australia and Oceania,Papua New Guinea,Household,Online,H,1/8/2017,660157573,1/23/2017,4151,668.27,502.54,2773988.77
Europe,Bulgaria,Household,Offline,M,2/17/2017,377610242,3/17/2017,2117,668.27,502.54,1414727.59
Sub-Saharan Africa,Eritrea,Snacks,Offline,L,8/7/2011,545900619,9/2/2011,2979,152.58,97.44,454535.82
Asia,Thailand,Office Supplies,Online,C,9/20/2013,472890031,11/8/2013,7524,651.21,524.96,4899704.04
Sub-Saharan Africa,Equatorial Guinea,Household,Offline,L,5/13/2011,436752307,6/8/2011,3568,668.27,502.54,2384387.36
Sub-Saharan Africa,Cote d'Ivoire,Personal Care,Offline,H,3/2/2016,335973775,4/20/2016,961,81.73,56.67,78542.53
Central America and the Caribbean,Panama,Cosmetics,Offline,C,5/4/2014,139353263,6/22/2014,6582,437.2,263.33,2877650.4
Sub-Saharan Africa,Uganda,Office Supplies,Online,H,11/12/2015,336002099,11/29/2015,9343,651.21,524.96,6084255.03
Europe,Greece,Cereal,Offline,L,11/11/2012,585344111,12/18/2012,5185,205.7,117.11,1066554.5
Sub-Saharan Africa,Cote d'Ivoire,Baby Food,Offline,L,9/1/2013,167115628,9/4/2013,2083,255.28,159.42,531748.24
Asia,Philippines,Baby Food,Online,C,4/25/2016,231365478,6/14/2016,5041,255.28,159.42,1286866.48
Europe,San Marino,Office Supplies,Online,L,5/1/2012,648454988,5/24/2012,1096,651.21,524.96,713726.16
Middle East and North Africa,United Arab Emirates,Cereal,Online,C,3/30/2013,459057986,4/5/2013,4314,205.7,117.11,887389.8
Sub-Saharan Africa,Democratic Republic of the Congo,Fruits,Offline,H,6/30/2016,124160802,8/19/2016,795,9.33,6.92,7417.35
North America,Canada,Office Supplies,Online,H,10/24/2016,175062263,12/2/2016,3669,651.21,524.96,2389289.49
Middle East and North Africa,Tunisia ,Snacks,Offline,M,7/22/2017,763373696,8/15/2017,8095,152.58,97.44,1235135.1
Sub-Saharan Africa,Niger,Snacks,Offline,C,10/16/2011,311018931,11/28/2011,6268,152.58,97.44,956371.44
Asia,Tajikistan,Office Supplies,Online,M,5/14/2016,460234296,6/29/2016,2410,651.21,524.96,1569416.1
Europe,France,Clothes,Offline,C,2/15/2015,223568618,3/10/2015,7777,109.28,35.84,849870.56
Central America and the Caribbean,Panama,Snacks,Online,L,9/7/2015,933883225,10/6/2015,5654,152.58,97.44,862687.32
Europe,Slovenia,Personal Care,Online,M,5/15/2015,394351947,5/17/2015,6359,81.73,56.67,519721.07
Europe,Denmark,Clothes,Online,L,7/28/2012,528461110,9/15/2012,2241,109.28,35.84,244896.48
Australia and Oceania,Federated States of Micronesia,Fruits,Online,H,7/16/2010,630009543,7/26/2010,2679,9.33,6.92,24995.07
Asia,China,Personal Care,Online,M,7/29/2013,513108575,9/11/2013,9085,81.73,56.67,742517.05
Central America and the Caribbean,Panama,Meat,Offline,M,9/10/2015,962182033,10/24/2015,9900,421.89,364.69,4176711
Sub-Saharan Africa,Gabon,Meat,Offline,L,12/22/2011,581966245,1/7/2012,5599,421.89,364.69,2362162.11
Sub-Saharan Africa,Equatorial Guinea,Baby Food,Offline,H,6/28/2017,747510039,7/6/2017,3687,255.28,159.42,941217.36
Sub-Saharan Africa,Niger,Vegetables,Online,M,7/9/2010,654174745,8/6/2010,3699,154.06,90.93,569867.94
Sub-Saharan Africa,Burkina Faso,Beverages,Offline,C,1/21/2012,467634189,2/14/2012,2203,47.45,31.79,104532.35
Sub-Saharan Africa,Malawi,Snacks,Offline,C,11/10/2013,873874700,11/16/2013,7798,152.58,97.44,1189818.84
Asia,Thailand,Vegetables,Online,L,7/21/2012,829195106,8/14/2012,6113,154.06,90.93,941768.78
Europe,Romania,Vegetables,Offline,H,5/21/2013,710206735,6/30/2013,4810,154.06,90.93,741028.6
Asia,Cambodia,Beverages,Offline,H,4/27/2011,963833415,4/29/2011,8581,47.45,31.79,407168.45
Sub-Saharan Africa,South Africa,Baby Food,Offline,C,7/11/2017,757311475,8/8/2017,4149,255.28,159.42,1059156.72
Europe,United Kingdom,Office Supplies,Offline,C,2/28/2010,228189742,3/17/2010,5270,651.21,524.96,3431876.7
Europe,Denmark,Clothes,Online,M,11/20/2013,934329545,12/25/2013,7730,109.28,35.84,844734.4
Asia,Laos,Snacks,Offline,H,10/10/2012,903904712,11/15/2012,4346,152.58,97.44,663112.68
Europe,Ireland,Fruits,Offline,H,9/7/2014,485401570,10/14/2014,9966,9.33,6.92,92982.78
Europe,Czech Republic,Office Supplies,Online,L,3/6/2017,997618949,4/19/2017,6471,651.21,524.96,4213979.91
Sub-Saharan Africa,Namibia,Snacks,Online,C,4/24/2011,679668176,5/17/2011,7772,152.58,97.44,1185851.76
Middle East and North Africa,Pakistan,Snacks,Offline,L,9/17/2015,540973079,10/20/2015,4810,152.58,97.44,733909.8
Sub-Saharan Africa,Cote d'Ivoire,Clothes,Offline,M,3/14/2012,311269986,4/26/2012,561,109.28,35.84,61306.08
Australia and Oceania,Marshall Islands,Household,Online,H,3/5/2010,690607726,3/16/2010,5028,668.27,502.54,3360061.56
Europe,Iceland,Snacks,Online,M,7/11/2012,199347627,7/22/2012,248,152.58,97.44,37839.84
Sub-Saharan Africa,Uganda,Cosmetics,Online,C,11/5/2011,128163516,11/5/2011,5287,437.2,263.33,2311476.4
Europe,Cyprus,Household,Online,L,12/7/2016,488041722,12/9/2016,1246,668.27,502.54,832664.42
Sub-Saharan Africa,Lesotho,Vegetables,Offline,L,3/1/2011,460281074,3/31/2011,6253,154.06,90.93,963337.18
Europe,Hungary,Snacks,Offline,H,10/26/2016,646492898,11/1/2016,470,152.58,97.44,71712.6
Europe,Ukraine,Baby Food,Offline,C,8/12/2015,818601024,9/27/2015,1089,255.28,159.42,277999.92
Central America and the Caribbean,Belize,Office Supplies,Online,H,1/12/2013,368841779,2/5/2013,7334,651.21,524.96,4775974.14
Middle East and North Africa,United Arab Emirates,Household,Online,L,11/8/2011,559763991,11/13/2011,5459,668.27,502.54,3648085.93
Middle East and North Africa,Oman,Fruits,Online,L,11/28/2015,474228990,12/16/2015,3751,9.33,6.92,34996.83
Europe,Poland,Personal Care,Offline,C,2/27/2011,165410602,3/27/2011,7528,81.73,56.67,615263.44
Sub-Saharan Africa,South Africa,Baby Food,Online,C,12/7/2014,206795156,12/22/2014,4137,255.28,159.42,1056093.36
Sub-Saharan Africa,Guinea,Snacks,Offline,M,7/18/2011,342181479,9/3/2011,7959,152.58,97.44,1214384.22
Europe,Denmark,Cosmetics,Offline,C,8/26/2016,835680902,8/29/2016,5404,437.2,263.33,2362628.8
Asia,Turkmenistan,Cosmetics,Online,M,12/1/2012,221717250,12/6/2012,9916,437.2,263.33,4335275.2
Central America and the Caribbean,Saint Kitts and Nevis ,Snacks,Offline,L,5/8/2014,255026853,6/11/2014,6968,152.58,97.44,1063177.44
Sub-Saharan Africa,Republic of the Congo,Cereal,Offline,H,2/2/2017,960658538,2/13/2017,9064,205.7,117.11,1864464.8
Asia,Sri Lanka,Snacks,Offline,C,10/10/2010,183973634,10/30/2010,741,152.58,97.44,113061.78
Australia and Oceania,Nauru,Beverages,Online,C,8/10/2012,340645968,9/13/2012,3567,47.45,31.79,169254.15
Europe,Armenia,Beverages,Offline,L,7/28/2010,766661870,9/4/2010,1139,47.45,31.79,54045.55
Europe,Ukraine,Household,Offline,L,8/22/2012,868320167,8/28/2012,4088,668.27,502.54,2731887.76
Australia and Oceania,Palau,Meat,Online,L,9/15/2012,572232186,10/11/2012,5075,421.89,364.69,2141091.75
Europe,Czech Republic,Cereal,Offline,H,2/3/2017,775321757,2/25/2017,3792,205.7,117.11,780014.4
Middle East and North Africa,Lebanon,Household,Offline,C,6/19/2010,194825208,7/24/2010,1963,668.27,502.54,1311814.01
Central America and the Caribbean,Belize,Household,Online,C,8/18/2012,318291366,9/27/2012,8343,668.27,502.54,5575376.61
Europe,Belgium,Vegetables,Online,C,3/3/2014,453581559,3/31/2014,3718,154.06,90.93,572795.08
Sub-Saharan Africa,Angola,Snacks,Online,M,7/8/2010,878869616,8/6/2010,5905,152.58,97.44,900984.9
Sub-Saharan Africa,Malawi,Cosmetics,Offline,L,4/26/2013,592641866,5/29/2013,4753,437.2,263.33,2078011.6
Europe,Andorra,Meat,Offline,M,5/7/2016,463697135,5/27/2016,7141,421.89,364.69,3012716.49
Europe,United Kingdom,Personal Care,Offline,H,6/14/2014,981146752,7/20/2014,1982,81.73,56.67,161988.86
Europe,Georgia,Office Supplies,Offline,L,11/21/2014,904414546,12/1/2014,5217,651.21,524.96,3397362.57
Europe,Spain,Household,Offline,M,11/6/2010,413236844,12/15/2010,4820,668.27,502.54,3221061.4
Asia,South Korea,Cosmetics,Online,L,7/7/2015,657662475,7/12/2015,5796,437.2,263.33,2534011.2
Asia,Indonesia,Office Supplies,Online,M,11/2/2012,608052766,11/8/2012,5181,651.21,524.96,3373919.01
Sub-Saharan Africa,Mauritius ,Cereal,Offline,L,5/8/2014,205081546,6/3/2014,7042,205.7,117.11,1448539.4
Sub-Saharan Africa,Burundi,Meat,Offline,L,6/29/2017,809735143,7/11/2017,7478,421.89,364.69,3154893.42
Europe,Bulgaria,Cereal,Online,C,12/27/2016,253312385,12/29/2016,9619,205.7,117.11,1978628.3
Middle East and North Africa,Tunisia ,Cosmetics,Offline,H,3/14/2016,487424600,4/30/2016,8626,437.2,263.33,3771287.2
Europe,Poland,Baby Food,Online,C,10/7/2015,833995616,11/8/2015,6691,255.28,159.42,1708078.48
Sub-Saharan Africa,Guinea-Bissau,Household,Online,M,5/23/2017,235261762,6/1/2017,8038,668.27,502.54,5371554.26
Europe,Montenegro,Office Supplies,Offline,H,6/27/2012,403771865,7/17/2012,3922,651.21,524.96,2554045.62
Central America and the Caribbean,Belize,Baby Food,Offline,H,4/1/2016,872387254,4/16/2016,7630,255.28,159.42,1947786.4
Sub-Saharan Africa,Burundi,Meat,Online,C,11/8/2010,344281756,12/15/2010,9477,421.89,364.69,3998251.53
Middle East and North Africa,Iraq,Personal Care,Offline,M,5/31/2017,742941701,7/10/2017,1814,81.73,56.67,148258.22
Sub-Saharan Africa,Senegal,Fruits,Online,M,6/14/2016,462165915,6/29/2016,4020,9.33,6.92,37506.6