Europe,Georgia,Household,Offline,C,5/24/2011,486383903,5/31/2011,660,668.27,502.54,441058.2

Central America and the Caribbean,Grenada,Vegetables,Offline,L,3/2/2017,335419738,3/16/2017,7009,154.06,90.93,1079806.54

Middle East and North Africa,Egypt,Household,Offline,M,4/24/2010,412312018,6/10/2010,1144,668.27,502.54,764500.88

Sub-Saharan Africa,Central African Republic,Household,Online,C,9/22/2014,295185744,10/15/2014,876,668.27,502.54,585404.52

Sub-Saharan Africa,Senegal,Fruits,Online,M,6/14/2016,462165915,6/29/2016,4020,9.33,6.92,37506.6

Europe,Belarus,Meat,Offline,C,9/2/2016,491377532,10/15/2016,8386,421.89,364.69,3537969.54

Sub-Saharan Africa,Botswana,Vegetables,Online,C,7/25/2016,860945594,8/19/2016,1788,154.06,90.93,275459.28

Central America and the Caribbean,Saint Kitts and Nevis ,Household,Online,L,4/27/2017,248995101,6/1/2017,2038,668.27,502.54,1361934.26

Sub-Saharan Africa,Seychelles ,Office Supplies,Online,H,7/18/2012,933651053,8/27/2012,6949,651.21,524.96,4525258.29

Australia and Oceania,Tuvalu,Clothes,Offline,H,12/30/2010,693038451,1/11/2011,4333,109.28,35.84,473510.24

Sub-Saharan Africa,Burkina Faso,Meat,Online,L,11/9/2013,905282294,11/30/2013,2003,421.89,364.69,845045.67

Central America and the Caribbean,Dominica,Personal Care,Offline,H,9/27/2014,248507583,11/4/2014,7771,81.73,56.67,635123.83

Europe,Hungary,Cosmetics,Offline,M,10/28/2014,100839316,11/29/2014,9449,437.2,263.33,4131102.8

Sub-Saharan Africa,Cameroon,Baby Food,Online,M,4/17/2015,940402495,5/11/2015,4851,255.28,159.42,1238363.28

Middle East and North Africa,Jordan,Cosmetics,Offline,C,5/1/2017,545322120,6/5/2017,1788,437.2,263.33,781713.6

North America,Greenland,Personal Care,Online,M,7/21/2014,293723189,8/24/2014,8074,81.73,56.67,659888.02

Europe,Italy,Vegetables,Offline,H,9/16/2015,663730704,10/28/2015,1520,154.06,90.93,234171.2

Europe,Kosovo,Fruits,Online,M,5/31/2014,333469665,6/29/2014,9939,9.33,6.92,92730.87

Middle East and North Africa,Libya,Vegetables,Offline,M,11/5/2011,681065070,11/21/2011,1144,154.06,90.93,176244.64

Europe,Slovakia,Household,Offline,L,10/5/2016,384641921,10/27/2016,2947,668.27,502.54,1969391.69

Sub-Saharan Africa,Togo,Baby Food,Online,H,3/16/2015,822325217,4/4/2015,3161,255.28,159.42,806940.08

Asia,Nepal,Meat,Offline,M,12/5/2015,672239959,12/31/2015,9597,421.89,364.69,4048878.33

Sub-Saharan Africa,Cote d'Ivoire,Cereal,Online,M,7/15/2012,412511146,7/29/2012,70,205.7,117.11,14399

Europe,Norway,Household,Online,L,10/18/2013,521263778,10/21/2013,2390,668.27,502.54,1597165.3

Australia and Oceania,Australia,Fruits,Online,L,4/23/2013,576622855,5/6/2013,4372,9.33,6.92,40790.76

Sub-Saharan Africa,Malawi,Clothes,Offline,H,4/6/2012,156713378,4/21/2012,3826,109.28,35.84,418105.28

Sub-Saharan Africa,Ethiopia,Fruits,Online,C,11/4/2011,639660346,12/4/2011,8566,9.33,6.92,79920.78

Europe,Luxembourg,Household,Offline,L,3/23/2013,703588759,4/18/2013,6404,668.27,502.54,4279601.08

Europe,Norway,Beverages,Online,M,1/10/2010,826623618,2/4/2010,5153,47.45,31.79,244509.85

Europe,Ukraine,Cereal,Online,C,12/31/2010,586889922,2/17/2011,2625,205.7,117.11,539962.5

Europe,Albania,Baby Food,Offline,L,4/30/2017,462512671,5/12/2017,6632,255.28,159.42,1693016.96

Europe,Iceland,Clothes,Online,L,1/19/2015,931616866,3/2/2015,4988,109.28,35.84,545088.64

Europe,San Marino,Cosmetics,Online,L,12/3/2012,672327506,12/7/2012,5505,437.2,263.33,2406786

Middle East and North Africa,Saudi Arabia,Office Supplies,Offline,M,2/17/2012,162769591,3/10/2012,5994,651.21,524.96,3903352.74

Europe,Bosnia and Herzegovina,Fruits,Online,L,11/7/2013,781068122,11/20/2013,4269,9.33,6.92,39829.77

Europe,France,Clothes,Offline,M,9/13/2011,305348098,11/2/2011,8142,109.28,35.84,889757.76

Asia,Brunei,Beverages,Offline,H,6/7/2014,113734519,6/8/2014,5426,47.45,31.79,257463.7

Australia and Oceania,New Zealand,Household,Offline,C,8/28/2015,684352385,10/5/2015,3934,668.27,502.54,2628974.18

Sub-Saharan Africa,Nigeria,Baby Food,Offline,H,7/22/2016,695326697,8/22/2016,1476,255.28,159.42,376793.28

Europe,Cyprus,Snacks,Offline,H,9/29/2010,624782454,11/18/2010,5867,152.58,97.44,895186.86

Asia,Kazakhstan,Cosmetics,Online,H,7/20/2014,950844657,8/4/2014,4919,437.2,263.33,2150586.8

Sub-Saharan Africa,Burundi,Baby Food,Online,M,1/2/2014,351638305,2/19/2014,6443,255.28,159.42,1644769.04

Sub-Saharan Africa,South Sudan,Fruits,Online,H,4/20/2010,205288398,5/6/2010,8254,9.33,6.92,77009.82

Europe,Belarus,Beverages,Online,C,3/9/2012,989919936,4/21/2012,8162,47.45,31.79,387286.9

Central America and the Caribbean,Dominica,Baby Food,Offline,L,4/11/2013,483657920,5/28/2013,3981,255.28,159.42,1016269.68

Europe,Luxembourg,Vegetables,Offline,L,10/2/2014,964627349,11/20/2014,3524,154.06,90.93,542907.44

Europe,Malta,Cereal,Offline,L,3/23/2010,210953223,4/11/2010,4601,205.7,117.11,946425.7

Europe,Andorra,Baby Food,Online,M,1/9/2016,500760543,2/6/2016,5027,255.28,159.42,1283292.56

Central America and the Caribbean,Panama,Fruits,Online,M,8/12/2010,512174308,9/27/2010,2614,9.33,6.92,24388.62

Asia,Vietnam,Household,Online,C,4/27/2010,723319518,6/9/2010,5174,668.27,502.54,3457628.98

Europe,Romania,Vegetables,Online,H,5/1/2016,712321174,6/9/2016,519,154.06,90.93,79957.14

Middle East and North Africa,United Arab Emirates,Cosmetics,Offline,L,9/7/2014,957304275,9/12/2014,6463,437.2,263.33,2825623.6

Middle East and North Africa,Iraq,Cereal,Online,L,2/17/2014,136393821,2/28/2014,817,205.7,117.11,168056.9

Sub-Saharan Africa,Sudan,Cereal,Offline,C,11/10/2015,527714812,12/8/2015,1395,205.7,117.11,286951.5

Asia,Cambodia,Cosmetics,Online,M,6/23/2013,809392249,7/19/2013,6008,437.2,263.33,2626697.6

Middle East and North Africa,Tunisia ,Fruits,Offline,C,9/28/2015,559551131,10/23/2015,2469,9.33,6.92,23035.77

Middle East and North Africa,Saudi Arabia,Vegetables,Online,H,4/5/2016,256316459,5/20/2016,8591,154.06,90.93,1323529.46

Central America and the Caribbean,Jamaica,Office Supplies,Online,C,3/21/2016,377813231,3/27/2016,2186,651.21,524.96,1423545.06

Asia,Malaysia,Office Supplies,Online,C,10/20/2016,502166450,11/20/2016,1067,651.21,524.96,694841.07

Middle East and North Africa,Syria,Vegetables,Online,H,8/15/2011,207501113,9/21/2011,3045,154.06,90.93,469112.7

Sub-Saharan Africa,Liberia,Cosmetics,Online,H,12/30/2016,871942222,2/14/2017,5935,437.2,263.33,2594782

Europe,Hungary,Snacks,Offline,C,5/28/2011,273614776,6/25/2011,7547,152.58,97.44,1151521.26

Central America and the Caribbean,Panama,Fruits,Online,C,3/2/2011,690643775,3/4/2011,5696,9.33,6.92,53143.68

Middle East and North Africa,Somalia,Meat,Online,H,6/20/2017,801154220,8/1/2017,8192,421.89,364.69,3456122.88

Sub-Saharan Africa,Sao Tome and Principe,Meat,Offline,M,5/6/2016,183271110,5/20/2016,2849,421.89,364.69,1201964.61

Asia,Taiwan,Cosmetics,Offline,L,7/22/2016,215119445,9/1/2016,7479,437.2,263.33,3269818.8

Sub-Saharan Africa,Cape Verde,Personal Care,Offline,H,9/18/2011,474824225,10/31/2011,9895,81.73,56.67,808718.35

Middle East and North Africa,Somalia,Household,Online,H,7/26/2010,540510451,9/3/2010,7909,668.27,502.54,5285347.43

Europe,Luxembourg,Vegetables,Offline,H,4/21/2014,890303122,6/10/2014,9333,154.06,90.93,1437841.98

Sub-Saharan Africa,Sierra Leone,Personal Care,Online,M,7/14/2016,202327239,8/30/2016,1981,81.73,56.67,161907.13

Middle East and North Africa,United Arab Emirates,Office Supplies,Offline,C,11/13/2010,754707801,1/2/2011,3664,651.21,524.96,2386033.44

Middle East and North Africa,Syria,Snacks,Online,H,8/20/2013,325569808,9/17/2013,2196,152.58,97.44,335065.68

Europe,Serbia,Household,Online,M,11/15/2010,293038260,11/17/2010,5388,668.27,502.54,3600638.76

Central America and the Caribbean,Jamaica,Baby Food,Offline,C,5/3/2011,235238158,6/17/2011,1053,255.28,159.42,268809.84

Europe,Denmark,Snacks,Online,C,3/16/2016,630294501,4/8/2016,7004,152.58,97.44,1068670.32

Middle East and North Africa,Turkey,Baby Food,Online,C,7/12/2011,156332290,7/21/2011,1053,255.28,159.42,268809.84

Asia,South Korea,Personal Care,Online,C,8/15/2013,191476523,9/7/2013,1013,81.73,56.67,82792.49

Europe,Italy,Meat,Offline,M,2/8/2016,313852202,3/14/2016,4696,421.89,364.69,1981195.44

Sub-Saharan Africa,Uganda,Household,Online,M,7/31/2012,101584327,8/15/2012,9915,668.27,502.54,6625897.05

Middle East and North Africa,Yemen,Cosmetics,Online,L,10/25/2011,932797896,11/28/2011,4481,437.2,263.33,1959093.2

Asia,Turkmenistan,Beverages,Offline,C,12/25/2014,585617911,1/5/2015,6209,47.45,31.79,294617.05

Middle East and North Africa,Afghanistan,Beverages,Online,L,9/12/2015,438169372,9/30/2015,2909,47.45,31.79,138032.05

Australia and Oceania,Solomon Islands,Cereal,Offline,M,2/21/2015,968577277,3/17/2015,2395,205.7,117.11,492651.5

Europe,Armenia,Office Supplies,Online,H,7/1/2014,854966628,7/1/2014,2479,651.21,524.96,1614349.59

Sub-Saharan Africa,Comoros,Snacks,Offline,H,12/13/2014,575462424,12/29/2014,974,152.58,97.44,148612.92

Sub-Saharan Africa,Zimbabwe,Vegetables,Online,C,2/10/2010,608189666,3/25/2010,5692,154.06,90.93,876909.52

Central America and the Caribbean,Barbados,Beverages,Online,L,4/22/2016,531273353,4/22/2016,4446,47.45,31.79,210962.7

Europe,Bosnia and Herzegovina,Personal Care,Online,L,1/2/2012,822838485,1/11/2012,5048,81.73,56.67,412573.04

Sub-Saharan Africa,Liberia,Fruits,Offline,C,7/12/2013,161010062,8/20/2013,5310,9.33,6.92,49542.3

Sub-Saharan Africa,Cameroon,Snacks,Online,H,6/30/2014,823913085,7/10/2014,3046,152.58,97.44,464758.68

Central America and the Caribbean,Saint Vincent and the Grenadines,Vegetables,Offline,M,1/31/2016,589672553,3/16/2016,6067,154.06,90.93,934682.02

Europe,Czech Republic,Snacks,Online,C,11/28/2011,836413466,12/8/2011,2187,152.58,97.44,333692.46

Europe,Ireland,Cosmetics,Offline,H,9/20/2010,242260825,10/19/2010,9217,437.2,263.33,4029672.4

Europe,Romania,Vegetables,Offline,H,9/14/2013,185339629,10/4/2013,4970,154.06,90.93,765678.2

Middle East and North Africa,Somalia,Fruits,Offline,M,6/21/2014,243774878,6/26/2014,7259,9.33,6.92,67726.47

Europe,Georgia,Baby Food,Online,H,3/16/2014,895691573,3/20/2014,3896,255.28,159.42,994570.88

Europe,Russia,Personal Care,Online,L,2/2/2014,819214713,3/11/2014,2693,81.73,56.67,220098.89

Middle East and North Africa,Syria,Clothes,Offline,H,4/22/2015,492469298,5/15/2015,1464,109.28,35.84,159985.92

Europe,Denmark,Household,Offline,C,6/20/2011,393580329,7/24/2011,8020,668.27,502.54,5359525.4

Europe,Italy,Fruits,Offline,H,4/30/2011,100672805,6/9/2011,175,9.33,6.92,1632.75

Asia,Laos,Meat,Offline,M,1/26/2016,991871726,2/6/2016,5740,421.89,364.69,2421648.6

Asia,India,Fruits,Offline,C,9/25/2011,845302093,10/12/2011,2529,9.33,6.92,23595.57

Australia and Oceania,Fiji,Household,Offline,L,8/24/2014,139088904,9/23/2014,8353,668.27,502.54,5582059.31

Europe,Malta,Meat,Offline,H,11/5/2010,251357161,11/23/2010,1025,421.89,364.69,432437.25

Middle East and North Africa,Egypt,Beverages,Online,C,8/29/2016,760231864,9/1/2016,8357,47.45,31.79,396539.65

Sub-Saharan Africa,Mauritius ,Snacks,Offline,L,7/23/2010,343838012,7/27/2010,8163,152.58,97.44,1245510.54

Asia,India,Cereal,Offline,C,6/8/2016,380300605,7/22/2016,8255,205.7,117.11,1698053.5

Europe,Portugal,Snacks,Online,H,10/4/2012,447744643,11/12/2012,6445,152.58,97.44,983378.1

Sub-Saharan Africa,Guinea,Beverages,Offline,M,11/11/2015,124295127,11/23/2015,545,47.45,31.79,25860.25

Central America and the Caribbean,Guatemala,Vegetables,Offline,H,10/11/2011,788077056,11/14/2011,8369,154.06,90.93,1289328.14

Central America and the Caribbean,Panama,Cereal,Online,L,10/31/2016,217215430,11/24/2016,7728,205.7,117.11,1589649.6

Europe,Sweden,Cereal,Online,C,1/26/2017,689835250,1/28/2017,6435,205.7,117.11,1323679.5

Sub-Saharan Africa,South Sudan,Vegetables,Offline,L,9/2/2013,884061515,10/12/2013,2303,154.06,90.93,354800.18

Europe,Lithuania,Snacks,Offline,L,5/23/2015,378019225,5/29/2015,3144,152.58,97.44,479711.52

Sub-Saharan Africa,Ethiopia,Meat,Offline,L,11/4/2015,549833381,11/26/2015,6771,421.89,364.69,2856617.19

Central America and the Caribbean,Antigua and Barbuda ,Office Supplies,Offline,L,3/15/2016,977628982,3/23/2016,996,651.21,524.96,648605.16

Europe,Slovakia,Vegetables,Online,H,2/2/2010,339531028,3/8/2010,3631,154.06,90.93,559391.86

Middle East and North Africa,Libya,Office Supplies,Offline,H,10/30/2013,913664519,11/19/2013,2490,651.21,524.96,1621512.9

Europe,Germany,Meat,Online,H,6/16/2013,478154456,7/24/2013,5384,421.89,364.69,2271455.76

Central America and the Caribbean,Guatemala,Household,Online,M,2/28/2010,411125838,3/5/2010,127,668.27,502.54,84870.29

Central America and the Caribbean,Grenada,Snacks,Offline,C,9/10/2012,290703666,10/26/2012,4530,152.58,97.44,691187.4

Asia,Bhutan,Baby Food,Online,M,8/31/2014,595012938,9/27/2014,6406,255.28,159.42,1635323.68

Europe,San Marino,Baby Food,Online,C,4/4/2017,902178657,4/24/2017,3568,255.28,159.42,910839.04

Sub-Saharan Africa,Angola,Baby Food,Online,C,2/1/2014,790325820,3/20/2014,3828,255.28,159.42,977211.84

Middle East and North Africa,Pakistan,Snacks,Online,H,11/26/2013,737579429,12/21/2013,4998,152.58,97.44,762594.84

Sub-Saharan Africa,Mauritius ,Meat,Online,L,4/28/2010,322064483,5/24/2010,4892,421.89,364.69,2063885.88

Asia,Nepal,Baby Food,Offline,H,2/5/2012,921905982,2/25/2012,1322,255.28,159.42,337480.16

Sub-Saharan Africa,Democratic Republic of the Congo,Vegetables,Offline,H,11/1/2012,315228927,11/30/2012,2099,154.06,90.93,323371.94

Europe,France,Vegetables,Online,C,9/22/2013,780158317,10/13/2013,5038,154.06,90.93,776154.28

Central America and the Caribbean,Nicaragua,Cereal,Online,L,12/13/2015,994819152,12/30/2015,7949,205.7,117.11,1635109.3

Middle East and North Africa,Pakistan,Personal Care,Offline,C,2/11/2013,537336432,3/21/2013,8646,81.73,56.67,706637.58

Sub-Saharan Africa,Lesotho,Household,Online,M,12/24/2013,785835158,12/27/2013,4941,668.27,502.54,3301922.07

Australia and Oceania,Samoa ,Office Supplies,Offline,C,2/27/2012,418440330,4/2/2012,4647,651.21,524.96,3026172.87

Europe,Montenegro,Clothes,Offline,L,5/25/2016,813276946,5/26/2016,5576,109.28,35.84,609345.28

Sub-Saharan Africa,Sao Tome and Principe,Personal Care,Online,C,9/29/2012,648470008,10/22/2012,5541,81.73,56.67,452865.93

Sub-Saharan Africa,Sao Tome and Principe,Baby Food,Offline,L,7/10/2017,402144515,7/31/2017,2353,255.28,159.42,600673.84

Asia,Singapore,Beverages,Online,M,10/8/2016,552425467,10/24/2016,3827,47.45,31.79,181591.15

Middle East and North Africa,United Arab Emirates,Vegetables,Offline,L,9/3/2011,677437865,9/30/2011,7773,154.06,90.93,1197508.38

Australia and Oceania,Solomon Islands,Cosmetics,Online,H,12/25/2010,355306708,1/20/2011,2006,437.2,263.33,877023.2

Australia and Oceania,Australia,Vegetables,Online,L,11/20/2015,964156997,12/21/2015,4336,154.06,90.93,668004.16

Sub-Saharan Africa,Equatorial Guinea,Baby Food,Offline,M,6/2/2012,282113730,6/16/2012,2577,255.28,159.42,657856.56

Asia,Mongolia,Beverages,Online,M,11/30/2016,587301909,1/15/2017,4541,47.45,31.79,215470.45

Central America and the Caribbean,Honduras,Cosmetics,Offline,H,5/28/2015,557846534,7/13/2015,8041,437.2,263.33,3515525.2

Australia and Oceania,Vanuatu,Clothes,Offline,L,8/24/2016,671872603,9/27/2016,889,109.28,35.84,97149.92

Sub-Saharan Africa,South Sudan,Personal Care,Offline,L,4/3/2014,507505118,5/4/2014,897,81.73,56.67,73311.81

Sub-Saharan Africa,Zambia,Personal Care,Offline,C,12/24/2016,542869079,12/30/2016,5879,81.73,56.67,480490.67

Sub-Saharan Africa,The Gambia,Clothes,Online,H,11/11/2010,356089484,12/14/2010,3646,109.28,35.84,398434.88

Asia,Maldives,Cosmetics,Online,L,3/25/2012,425291335,4/22/2012,2012,437.2,263.33,879646.4

Europe,United Kingdom,Personal Care,Online,H,9/12/2014,328599631,9/26/2014,8788,81.73,56.67,718243.24

Sub-Saharan Africa,Eritrea,Cosmetics,Offline,L,11/14/2011,544139373,11/24/2011,1787,437.2,263.33,781276.4

Europe,Liechtenstein,Snacks,Offline,C,7/2/2012,650035560,8/8/2012,8822,152.58,97.44,1346060.76

Middle East and North Africa,Azerbaijan,Meat,Online,M,3/18/2010,224413192,4/2/2010,7705,421.89,364.69,3250662.45

Sub-Saharan Africa,Benin,Cosmetics,Offline,M,9/30/2013,645397269,10/14/2013,6249,437.2,263.33,2732062.8

Central America and the Caribbean,Costa Rica,Snacks,Online,H,9/22/2016,591112792,9/27/2016,2266,152.58,97.44,345746.28

Central America and the Caribbean,Antigua and Barbuda ,Office Supplies,Online,C,10/2/2012,539684760,10/11/2012,3568,651.21,524.96,2323517.28

Middle East and North Africa,Syria,Beverages,Offline,C,8/3/2010,969238173,9/17/2010,7969,47.45,31.79,378129.05

Europe,Croatia,Vegetables,Online,L,5/30/2011,557898032,7/2/2011,3280,154.06,90.93,505316.8

Europe,Luxembourg,Meat,Offline,M,5/28/2016,683789336,7/11/2016,7315,421.89,364.69,3086125.35

Middle East and North Africa,Lebanon,Personal Care,Offline,H,8/13/2011,925037086,10/1/2011,7885,81.73,56.67,644441.05

Europe,Estonia,Vegetables,Online,M,5/11/2013,859766280,5/27/2013,2803,154.06,90.93,431830.18

Europe,Romania,Beverages,Offline,L,4/4/2015,966101920,4/22/2015,9882,47.45,31.79,468900.9

Middle East and North Africa,Turkey,Cosmetics,Online,L,11/29/2010,822169005,12/23/2010,6934,437.2,263.33,3031544.8

Europe,Germany,Cosmetics,Online,C,8/27/2016,906092536,8/31/2016,1772,437.2,263.33,774718.4

Europe,Moldova ,Clothes,Online,C,12/15/2010,795997512,1/14/2011,2207,109.28,35.84,241180.96

Asia,Thailand,Baby Food,Online,C,2/19/2010,970008933,3/12/2010,6054,255.28,159.42,1545465.12

Asia,Singapore,Beverages,Offline,L,5/21/2015,106251800,7/7/2015,1123,47.45,31.79,53286.35

Asia,Cambodia,Fruits,Offline,H,9/25/2012,482851111,10/24/2012,5229,9.33,6.92,48786.57

Europe,Vatican City,Fruits,Online,M,12/12/2010,777931869,1/18/2011,6182,9.33,6.92,57678.06

Europe,Austria,Household,Offline,M,3/15/2011,569619071,4/26/2011,1796,668.27,502.54,1200212.92

Australia and Oceania,Nauru,Personal Care,Online,C,9/6/2014,336037719,9/18/2014,9883,81.73,56.67,807737.59

Middle East and North Africa,Israel,Beverages,Online,L,12/30/2014,555312812,1/19/2015,8256,47.45,31.79,391747.2

Central America and the Caribbean,Nicaragua,Household,Offline,L,5/2/2013,805569350,6/7/2013,4727,668.27,502.54,3158912.29

Australia and Oceania,Nauru,Snacks,Offline,M,11/15/2010,664932334,12/14/2010,7109,152.58,97.44,1084691.22

Sub-Saharan Africa,Mali,Vegetables,Offline,L,5/16/2016,611526763,6/5/2016,3213,154.06,90.93,494994.78

Sub-Saharan Africa,Sao Tome and Principe,Cereal,Online,L,11/14/2015,223477637,12/13/2015,854,205.7,117.11,175667.8

Sub-Saharan Africa,Equatorial Guinea,Cosmetics,Offline,L,7/18/2010,878909957,8/14/2010,7842,437.2,263.33,3428522.4

Asia,Thailand,Meat,Online,C,9/23/2016,355948722,10/27/2016,1992,421.89,364.69,840404.88

Sub-Saharan Africa,Benin,Baby Food,Online,L,11/20/2012,932718932,12/10/2012,1114,255.28,159.42,284381.92

Asia,China,Clothes,Offline,H,5/8/2015,387345588,5/13/2015,3022,109.28,35.84,330244.16

Sub-Saharan Africa,Rwanda,Household,Offline,L,2/25/2010,997953689,3/7/2010,5528,668.27,502.54,3694196.56

Sub-Saharan Africa,Madagascar,Household,Online,L,8/15/2013,542668235,8/21/2013,6445,668.27,502.54,4307000.15

Europe,Vatican City,Clothes,Online,H,10/20/2011,399614226,11/1/2011,3585,109.28,35.84,391768.8

Sub-Saharan Africa,Central African Republic,Beverages,Offline,C,6/10/2013,146916663,7/29/2013,4760,47.45,31.79,225862

Australia and Oceania,Palau,Cereal,Online,L,2/26/2012,262700545,4/3/2012,7784,205.7,117.11,1601168.8

Australia and Oceania,Samoa ,Vegetables,Offline,C,9/12/2016,325090873,10/28/2016,468,154.06,90.93,72100.08

Europe,Latvia,Meat,Offline,C,2/9/2013,812212646,3/28/2013,626,421.89,364.69,264103.14

Sub-Saharan Africa,South Sudan,Personal Care,Online,C,2/21/2010,402190864,3/3/2010,6069,81.73,56.67,496019.37

Asia,Maldives,Personal Care,Online,M,7/21/2016,473150527,7/26/2016,4610,81.73,56.67,376775.3

Central America and the Caribbean,Trinidad and Tobago,Meat,Offline,M,10/23/2010,603216636,10/26/2010,4062,421.89,364.69,1713717.18

Middle East and North Africa,Yemen,Fruits,Offline,M,10/23/2016,370514190,11/16/2016,2237,9.33,6.92,20871.21

Central America and the Caribbean,The Bahamas,Snacks,Online,M,1/9/2013,253168189,2/17/2013,6948,152.58,97.44,1060125.84

Middle East and North Africa,Lebanon,Cosmetics,Online,H,10/11/2015,729303634,10/27/2015,6007,437.2,263.33,2626260.4

Sub-Saharan Africa,Nigeria,Fruits,Online,M,2/8/2011,477045524,3/8/2011,7226,9.33,6.92,67418.58

Asia,Uzbekistan,Baby Food,Online,C,5/4/2015,874518859,6/17/2015,8419,255.28,159.42,2149202.32

Sub-Saharan Africa,Ethiopia,Meat,Offline,M,7/8/2014,599848639,8/11/2014,7397,421.89,364.69,3120720.33

Europe,Czech Republic,Household,Online,L,5/24/2017,131159865,6/12/2017,1974,668.27,502.54,1319164.98

North America,Canada,Office Supplies,Online,C,1/4/2010,846577537,1/24/2010,9961,651.21,524.96,6486702.81

Asia,Cambodia,Snacks,Online,H,4/6/2016,524226653,4/11/2016,9171,152.58,97.44,1399311.18

Europe,Montenegro,Clothes,Offline,C,8/15/2014,542232215,10/2/2014,7417,109.28,35.84,810529.76

Europe,Poland,Cosmetics,Online,H,11/2/2013,478719222,11/17/2013,2511,437.2,263.33,1097809.2

Sub-Saharan Africa,Cote d'Ivoire,Cosmetics,Offline,L,2/5/2015,811812674,3/6/2015,2266,437.2,263.33,990695.2

Sub-Saharan Africa,Togo,Personal Care,Offline,H,1/4/2012,219637572,1/13/2012,4493,81.73,56.67,367212.89

Central America and the Caribbean,Panama,Meat,Online,M,5/1/2013,980318915,5/29/2013,7007,421.89,364.69,2956183.23

Central America and the Caribbean,Dominican Republic,Clothes,Offline,L,9/3/2012,871981704,9/5/2012,7618,109.28,35.84,832495.04

Europe,Macedonia,Office Supplies,Online,L,3/22/2011,372750937,3/27/2011,4141,651.21,524.96,2696660.61

Sub-Saharan Africa,Lesotho,Office Supplies,Offline,M,2/25/2010,860751616,3/3/2010,4386,651.21,524.96,2856207.06

Europe,Denmark,Clothes,Offline,L,8/27/2010,114108741,9/22/2010,6167,109.28,35.84,673929.76

Sub-Saharan Africa,Cote d'Ivoire,Vegetables,Offline,C,11/28/2013,410947310,12/31/2013,7296,154.06,90.93,1124021.76

Central America and the Caribbean,Jamaica,Cosmetics,Offline,M,7/11/2013,429392325,8/30/2013,5586,437.2,263.33,2442199.2

Sub-Saharan Africa,Botswana,Fruits,Offline,M,9/10/2010,647568786,10/26/2010,8849,9.33,6.92,82561.17

North America,Greenland,Meat,Online,H,2/27/2014,643601691,4/9/2014,4898,421.89,364.69,2066417.22

Sub-Saharan Africa,Sierra Leone,Beverages,Offline,H,7/16/2017,895616042,7/22/2017,1544,47.45,31.79,73262.8

Europe,Czech Republic,Office Supplies,Offline,M,6/11/2014,981736838,6/22/2014,6602,651.21,524.96,4299288.42

Central America and the Caribbean,Barbados,Cereal,Offline,H,8/16/2013,480089080,9/12/2013,7882,205.7,117.11,1621327.4

Middle East and North Africa,Syria,Clothes,Offline,H,4/9/2016,768797767,5/2/2016,3198,109.28,35.84,349477.44

Asia,Brunei,Meat,Online,H,12/29/2015,525987899,1/19/2016,363,421.89,364.69,153146.07

North America,Greenland,Cosmetics,Offline,L,12/19/2013,229784476,1/28/2014,7188,437.2,263.33,3142593.6

Europe,Portugal,Beverages,Offline,C,5/21/2011,358312499,5/21/2011,1486,47.45,31.79,70510.7

Europe,Poland,Meat,Online,M,12/29/2016,489696967,1/21/2017,1070,421.89,364.69,451422.3

Middle East and North Africa,Bahrain,Cereal,Online,H,11/3/2016,202062880,12/2/2016,3751,205.7,117.11,771580.7

Middle East and North Africa,Tunisia ,Meat,Online,M,2/7/2012,873535239,3/14/2012,7344,421.89,364.69,3098360.16

Europe,Greece,Clothes,Offline,L,7/16/2011,282239043,8/2/2011,9660,109.28,35.84,1055644.8

Middle East and North Africa,Egypt,Snacks,Offline,H,4/30/2016,706299293,6/10/2016,8511,152.58,97.44,1298608.38

Europe,Croatia,Household,Offline,C,7/6/2012,823840987,8/3/2012,1711,668.27,502.54,1143409.97

Europe,Romania,Fruits,Offline,L,6/2/2016,212989127,7/22/2016,7071,9.33,6.92,65972.43

Middle East and North Africa,Yemen,Personal Care,Offline,H,2/1/2014,251868712,2/26/2014,2404,81.73,56.67,196478.92

Europe,Italy,Personal Care,Offline,H,4/10/2014,518604743,5/6/2014,5523,81.73,56.67,451394.79

Europe,Russia,Fruits,Offline,L,8/1/2010,591322219,8/22/2010,4240,9.33,6.92,39559.2

Middle East and North Africa,Israel,Personal Care,Online,H,10/11/2011,948146140,11/11/2011,6368,81.73,56.67,520456.64

Middle East and North Africa,Iraq,Meat,Offline,L,6/18/2011,267201507,7/14/2011,9718,421.89,364.69,4099927.02

Asia,Sri Lanka,Beverages,Offline,L,10/28/2010,826613318,11/25/2010,2105,47.45,31.79,99882.25

Central America and the Caribbean,Panama,Beverages,Online,M,1/18/2011,404506576,1/23/2011,1340,47.45,31.79,63583

Europe,Lithuania,Office Supplies,Online,H,4/24/2013,379006278,5/23/2013,5235,651.21,524.96,3409084.35

Asia,Myanmar,Vegetables,Offline,C,3/26/2011,328237426,4/15/2011,1603,154.06,90.93,246958.18

Europe,Estonia,Clothes,Offline,M,7/23/2013,730325019,9/9/2013,8257,109.28,35.84,902324.96

Sub-Saharan Africa,Madagascar,Personal Care,Offline,C,11/28/2013,263394057,12/31/2013,3010,81.73,56.67,246007.3

Asia,Uzbekistan,Clothes,Offline,M,6/17/2013,305569541,8/1/2013,3672,109.28,35.84,401276.16

Asia,Bhutan,Fruits,Offline,H,5/25/2013,434976470,5/30/2013,8058,9.33,6.92,75181.14

Asia,Laos,Cereal,Online,C,11/27/2014,229739844,1/1/2015,3980,205.7,117.11,818686

Australia and Oceania,Papua New Guinea,Fruits,Offline,M,8/5/2011,167984664,8/6/2011,9250,9.33,6.92,86302.5

Europe,Hungary,Personal Care,Offline,H,3/20/2012,727835929,4/17/2012,1680,81.73,56.67,137306.4

Australia and Oceania,East Timor,Cosmetics,Online,M,5/21/2010,587418639,6/24/2010,9084,437.2,263.33,3971524.8

Europe,Belgium,Beverages,Online,M,11/10/2014,224857795,12/19/2014,9273,47.45,31.79,440003.85

Asia,Vietnam,Beverages,Online,L,9/3/2011,118278396,9/16/2011,61,47.45,31.79,2894.45

Asia,Singapore,Beverages,Online,H,2/26/2017,745805442,3/27/2017,9259,47.45,31.79,439339.55

Sub-Saharan Africa,Sao Tome and Principe,Cereal,Online,M,5/6/2017,785563933,5/10/2017,4680,205.7,117.11,962676

Asia,Japan,Vegetables,Offline,L,6/4/2013,715678870,6/14/2013,4137,154.06,90.93,637346.22

Europe,Croatia,Personal Care,Offline,C,2/24/2014,114275252,3/14/2014,5441,81.73,56.67,444692.93

Europe,France,Snacks,Online,L,2/17/2013,359478080,4/5/2013,6407,152.58,97.44,977580.06

Sub-Saharan Africa,Kenya,Baby Food,Offline,M,7/21/2011,129412353,8/7/2011,4846,255.28,159.42,1237086.88

Europe,Andorra,Cosmetics,Offline,C,8/6/2010,802203071,9/25/2010,8570,437.2,263.33,3746804

Europe,Spain,Fruits,Online,C,6/13/2011,155975234,6/27/2011,5393,9.33,6.92,50316.69

Asia,Myanmar,Cosmetics,Offline,L,4/16/2015,468853843,5/18/2015,3126,437.2,263.33,1366687.2

Sub-Saharan Africa,Republic of the Congo,Baby Food,Offline,H,9/24/2015,418963897,10/16/2015,9582,255.28,159.42,2446092.96

Asia,China,Personal Care,Offline,C,12/14/2013,484430396,12/20/2013,2574,81.73,56.67,210373.02

Sub-Saharan Africa,Burundi,Beverages,Offline,C,2/22/2011,243378341,2/25/2011,9914,47.45,31.79,470419.3

Europe,Estonia,Cereal,Offline,C,1/22/2016,173932731,2/26/2016,9415,205.7,117.11,1936665.5

Central America and the Caribbean,Saint Vincent and the Grenadines,Beverages,Online,C,9/24/2014,754218566,10/14/2014,8889,47.45,31.79,421783.05

Europe,Andorra,Meat,Offline,H,12/2/2015,662360846,1/1/2016,6148,421.89,364.69,2593779.72

Sub-Saharan Africa,Sierra Leone,Household,Offline,C,3/27/2013,376484572,5/1/2013,9006,668.27,502.54,6018439.62

Asia,Myanmar,Meat,Online,L,6/8/2015,374714744,6/12/2015,5274,421.89,364.69,2225047.86

Central America and the Caribbean,Dominican Republic,Beverages,Online,M,2/16/2016,235176360,2/26/2016,2766,47.45,31.79,131246.7

Asia,India,Beverages,Online,L,6/30/2016,435994422,7/21/2016,9293,47.45,31.79,440952.85

Asia,Kyrgyzstan,Office Supplies,Online,L,2/24/2010,555293929,3/4/2010,2668,651.21,524.96,1737428.28

Europe,Finland,Office Supplies,Offline,L,6/3/2013,171199882,7/15/2013,704,651.21,524.96,458451.84

North America,Canada,Beverages,Offline,C,5/6/2012,661837279,6/18/2012,1213,47.45,31.79,57556.85

Europe,Austria,Snacks,Offline,C,9/6/2015,705331122,10/6/2015,2008,152.58,97.44,306380.64

Middle East and North Africa,Turkey,Cosmetics,Offline,M,1/13/2017,779806411,2/6/2017,901,437.2,263.33,393917.2

Asia,Singapore,Snacks,Online,H,1/7/2010,463388144,2/23/2010,5704,152.58,97.44,870316.32

Europe,Serbia,Beverages,Online,M,12/18/2010,234201323,1/4/2011,4231,47.45,31.79,200760.95

Asia,Kazakhstan,Fruits,Online,H,6/23/2013,570370948,6/28/2013,4293,9.33,6.92,40053.69

Europe,Poland,Beverages,Offline,C,3/3/2011,150022017,4/5/2011,3704,47.45,31.79,175754.8

Europe,Hungary,Clothes,Offline,H,10/18/2012,351279532,11/6/2012,275,109.28,35.84,30052

Europe,Monaco,Beverages,Offline,L,12/23/2011,752268493,1/26/2012,1819,47.45,31.79,86311.55

Europe,Croatia,Cosmetics,Offline,H,6/15/2017,931113898,8/4/2017,6149,437.2,263.33,2688342.8

Sub-Saharan Africa,Angola,Household,Online,M,4/10/2015,465940749,5/14/2015,1077,668.27,502.54,719726.79

Asia,Uzbekistan,Fruits,Online,M,3/10/2014,734874045,3/18/2014,4415,9.33,6.92,41191.95

Europe,Kosovo,Beverages,Online,C,5/20/2015,416038787,7/3/2015,3977,47.45,31.79,188708.65

Asia,Mongolia,Household,Online,H,6/20/2012,887559974,6/30/2012,7575,668.27,502.54,5062145.25

Sub-Saharan Africa,Sierra Leone,Office Supplies,Offline,C,3/14/2014,827562606,4/10/2014,3020,651.21,524.96,1966654.2

Europe,Lithuania,Cosmetics,Offline,C,3/9/2014,714171683,3/24/2014,8126,437.2,263.33,3552687.2

Europe,France,Beverages,Offline,C,8/12/2013,125512206,9/27/2013,706,47.45,31.79,33499.7

Europe,Georgia,Personal Care,Offline,C,8/31/2013,439709174,10/8/2013,8571,81.73,56.67,700507.83

Asia,Mongolia,Cosmetics,Offline,H,7/10/2015,334887588,7/22/2015,9534,437.2,263.33,4168264.8

Middle East and North Africa,Iraq,Household,Offline,H,10/17/2012,289172446,11/26/2012,1408,668.27,502.54,940924.16

Europe,Croatia,Baby Food,Online,C,3/30/2014,780688750,5/9/2014,2005,255.28,159.42,511836.4

Asia,Turkmenistan,Cereal,Offline,C,6/21/2013,487561500,7/25/2013,9137,205.7,117.11,1879480.9

Europe,Belarus,Baby Food,Offline,M,9/1/2011,787915694,10/12/2011,618,255.28,159.42,157763.04

Europe,Portugal,Household,Online,L,1/5/2010,359876334,2/6/2010,4259,668.27,502.54,2846161.93

Europe,Armenia,Baby Food,Offline,L,4/7/2017,581568419,5/4/2017,7874,255.28,159.42,2010074.72

Europe,Luxembourg,Cereal,Online,M,11/21/2011,131116950,1/7/2012,9274,205.7,117.11,1907661.8

Europe,Ukraine,Snacks,Online,M,3/18/2010,386646926,3/29/2010,6272,152.58,97.44,956981.76

Middle East and North Africa,Syria,Cosmetics,Online,M,5/31/2013,926283347,7/11/2013,6681,437.2,263.33,2920933.2

Middle East and North Africa,Tunisia ,Cereal,Offline,L,2/11/2015,428151214,2/16/2015,8313,205.7,117.11,1709984.1

Middle East and North Africa,Kuwait,Personal Care,Online,H,6/26/2016,270375525,7/23/2016,8981,81.73,56.67,734017.13

Sub-Saharan Africa,Equatorial Guinea,Personal Care,Online,M,2/23/2011,931081283,3/19/2011,6497,81.73,56.67,530999.81

North America,Canada,Cosmetics,Online,L,6/5/2015,188393485,6/22/2015,8674,437.2,263.33,3792272.8

Middle East and North Africa,Qatar,Cosmetics,Online,H,5/10/2015,320437133,6/6/2015,3323,437.2,263.33,1452815.6

Europe,Slovakia,Personal Care,Offline,M,2/14/2012,905337226,3/9/2012,8259,81.73,56.67,675008.07

Australia and Oceania,Palau,Office Supplies,Online,H,6/25/2014,621218764,7/24/2014,1292,651.21,524.96,841363.32

Europe,Cyprus,Household,Online,M,1/17/2016,846206748,1/28/2016,236,668.27,502.54,157711.72

Middle East and North Africa,Libya,Fruits,Offline,L,6/3/2010,258426177,7/15/2010,2903,9.33,6.92,27084.99

Europe,Andorra,Cereal,Offline,C,12/9/2013,236002051,1/18/2014,7106,205.7,117.11,1461704.2

Middle East and North Africa,Kuwait,Fruits,Online,C,8/21/2012,357059371,9/17/2012,657,9.33,6.92,6129.81

Central America and the Caribbean,Haiti,Household,Online,M,4/11/2015,199723136,5/3/2015,1369,668.27,502.54,914861.63

Middle East and North Africa,Jordan,Vegetables,Offline,H,6/16/2015,242118346,8/3/2015,7054,154.06,90.93,1086739.24

Central America and the Caribbean,Costa Rica,Cosmetics,Online,C,5/15/2014,962370002,6/6/2014,5524,437.2,263.33,2415092.8

Europe,Monaco,Cosmetics,Online,L,3/12/2013,138603103,3/28/2013,4593,437.2,263.33,2008059.6

Europe,Luxembourg,Fruits,Online,L,2/11/2013,948942649,2/12/2013,2072,9.33,6.92,19331.76

Middle East and North Africa,Iran,Office Supplies,Online,L,4/26/2015,271513640,6/11/2015,5775,651.21,524.96,3760737.75

Europe,Iceland,Household,Online,H,5/28/2013,384441077,6/19/2013,3513,668.27,502.54,2347632.51

Sub-Saharan Africa,Botswana,Baby Food,Online,H,2/22/2016,865849959,4/11/2016,3099,255.28,159.42,791112.72

Sub-Saharan Africa,Republic of the Congo,Vegetables,Offline,L,2/19/2017,393865287,4/7/2017,2346,154.06,90.93,361424.76

Middle East and North Africa,Egypt,Personal Care,Online,L,7/27/2017,346612060,9/2/2017,9066,81.73,56.67,740964.18

Sub-Saharan Africa,Burundi,Clothes,Offline,C,1/20/2011,302215278,2/28/2011,1071,109.28,35.84,117038.88

Sub-Saharan Africa,Zimbabwe,Beverages,Online,L,11/30/2013,738799941,12/23/2013,6175,47.45,31.79,293003.75

Europe,United Kingdom,Snacks,Offline,C,3/12/2012,334491050,3/22/2012,2190,152.58,97.44,334150.2

Middle East and North Africa,Bahrain,Household,Online,C,8/25/2014,467413604,9/14/2014,6927,668.27,502.54,4629106.29

Europe,Slovakia,Vegetables,Online,H,11/19/2014,715692603,12/13/2014,8200,154.06,90.93,1263292

Middle East and North Africa,Azerbaijan,Clothes,Offline,C,1/31/2014,657453048,3/13/2014,3822,109.28,35.84,417668.16

Sub-Saharan Africa,Niger,Beverages,Offline,M,6/8/2013,770819938,7/20/2013,1604,47.45,31.79,76109.8

Middle East and North Africa,Azerbaijan,Snacks,Offline,C,2/13/2014,633918273,4/1/2014,9359,152.58,97.44,1427996.22

Sub-Saharan Africa,Malawi,Office Supplies,Offline,L,4/28/2017,724873054,5/24/2017,4900,651.21,524.96,3190929

Europe,Luxembourg,Household,Offline,H,8/25/2016,621809279,10/14/2016,6039,668.27,502.54,4035682.53

Central America and the Caribbean,Saint Lucia,Meat,Offline,M,4/15/2013,802851951,5/25/2013,588,421.89,364.69,248071.32

Middle East and North Africa,Bahrain,Baby Food,Offline,C,12/28/2015,846126067,1/11/2016,6361,255.28,159.42,1623836.08

Central America and the Caribbean,Honduras,Baby Food,Offline,L,10/19/2010,329756629,12/3/2010,1169,255.28,159.42,298422.32

Sub-Saharan Africa,Benin,Personal Care,Offline,H,1/14/2014,631868636,1/15/2014,2826,81.73,56.67,230968.98

Australia and Oceania,Palau,Household,Offline,C,10/1/2011,430587089,10/6/2011,9143,668.27,502.54,6109992.61

Middle East and North Africa,Egypt,Cosmetics,Offline,L,9/7/2012,204036986,10/2/2012,7933,437.2,263.33,3468307.6

Australia and Oceania,Kiribati,Cosmetics,Offline,H,6/16/2010,430343329,7/18/2010,7009,437.2,263.33,3064334.8

Australia and Oceania,East Timor,Meat,Online,M,10/27/2013,687631118,12/12/2013,4183,421.89,364.69,1764765.87

Sub-Saharan Africa,Lesotho,Fruits,Offline,L,5/23/2016,554025352,6/30/2016,7268,9.33,6.92,67810.44

Middle East and North Africa,Iraq,Vegetables,Offline,M,10/10/2011,507651031,11/7/2011,4076,154.06,90.93,627948.56

Sub-Saharan Africa,Ghana,Clothes,Online,C,4/19/2016,126633155,5/25/2016,2419,109.28,35.84,264348.32

Middle East and North Africa,Israel,Office Supplies,Online,H,1/2/2016,789096724,2/4/2016,111,651.21,524.96,72284.31

Asia,Taiwan,Office Supplies,Offline,C,1/27/2012,273166739,3/6/2012,4963,651.21,524.96,3231955.23

Middle East and North Africa,Kuwait,Meat,Offline,C,4/5/2013,856968200,4/28/2013,4789,421.89,364.69,2020431.21

Asia,Myanmar,Beverages,Offline,C,3/5/2013,318626105,3/12/2013,7400,47.45,31.79,351130

Europe,Poland,Office Supplies,Offline,C,1/2/2013,936265456,1/13/2013,609,651.21,524.96,396586.89

Australia and Oceania,Marshall Islands,Baby Food,Offline,M,12/7/2013,488011252,12/13/2013,2229,255.28,159.42,569019.12

Middle East and North Africa,Morocco,Clothes,Offline,M,2/20/2017,351988494,3/2/2017,72,109.28,35.84,7868.16

Australia and Oceania,Australia,Meat,Online,M,3/27/2016,106322181,5/13/2016,1951,421.89,364.69,823107.39

Sub-Saharan Africa,Cote d'Ivoire,Vegetables,Offline,L,5/28/2012,229137313,6/30/2012,5678,154.06,90.93,874752.68

Europe,Andorra,Cosmetics,Offline,M,5/29/2014,298558890,7/9/2014,9065,437.2,263.33,3963218

Middle East and North Africa,Saudi Arabia,Beverages,Offline,C,11/5/2015,792711913,12/16/2015,9926,47.45,31.79,470988.7

Middle East and North Africa,Turkey,Household,Online,M,5/2/2010,389721381,5/4/2010,6072,668.27,502.54,4057735.44

Australia and Oceania,Vanuatu,Vegetables,Online,H,3/15/2014,467712295,5/1/2014,5316,154.06,90.93,818982.96

Asia,Taiwan,Snacks,Online,L,6/27/2013,604809653,8/10/2013,5471,152.58,97.44,834765.18

Middle East and North Africa,United Arab Emirates,Cosmetics,Online,H,12/11/2016,379138457,12/24/2016,4350,437.2,263.33,1901820

Asia,Philippines,Vegetables,Offline,L,8/13/2010,268823707,9/8/2010,9763,154.06,90.93,1504087.78

Europe,Andorra,Vegetables,Offline,L,10/27/2010,751990401,10/29/2010,9525,154.06,90.93,1467421.5

Europe,Poland,Baby Food,Online,L,3/7/2011,506763541,3/20/2011,1448,255.28,159.42,369645.44

Europe,Belarus,Office Supplies,Online,M,11/13/2012,911268126,12/11/2012,3344,651.21,524.96,2177646.24

Europe,Montenegro,Meat,Offline,M,1/28/2017,643629157,2/14/2017,3025,421.89,364.69,1276217.25

Central America and the Caribbean,The Bahamas,Vegetables,Online,H,5/30/2017,181971633,5/31/2017,8305,154.06,90.93,1279468.3

Europe,Belgium,Household,Offline,L,1/20/2015,904420554,1/20/2015,6995,668.27,502.54,4674548.65

Europe,Czech Republic,Household,Online,M,3/11/2011,589100921,4/16/2011,6908,668.27,502.54,4616409.16

Europe,Austria,Fruits,Online,L,7/30/2014,614137732,8/25/2014,5857,9.33,6.92,54645.81

Sub-Saharan Africa,Rwanda,Vegetables,Offline,M,4/1/2011,557655990,5/14/2011,1655,154.06,90.93,254969.3

Central America and the Caribbean,Saint Vincent and the Grenadines,Beverages,Offline,H,7/15/2017,897780692,7/20/2017,2112,47.45,31.79,100214.4

Europe,Greece,Beverages,Offline,M,11/27/2011,312636840,1/1/2012,5043,47.45,31.79,239290.35

Central America and the Caribbean,Saint Kitts and Nevis ,Office Supplies,Online,H,9/7/2010,180349433,9/8/2010,8260,651.21,524.96,5378994.6

Asia,Turkmenistan,Vegetables,Online,L,1/21/2015,979043471,2/16/2015,9575,154.06,90.93,1475124.5

Europe,Sweden,Personal Care,Online,H,1/22/2011,486843955,2/18/2011,6800,81.73,56.67,555764

Europe,Lithuania,Cosmetics,Offline,H,1/7/2015,981875884,2/3/2015,7748,437.2,263.33,3387425.6

Europe,Slovenia,Cosmetics,Offline,C,12/22/2012,242264258,2/5/2013,233,437.2,263.33,101867.6

Europe,Moldova ,Vegetables,Offline,L,9/8/2013,546134078,9/9/2013,2065,154.06,90.93,318133.9

Sub-Saharan Africa,Seychelles ,Snacks,Online,L,10/5/2010,571610343,10/21/2010,1058,152.58,97.44,161429.64

Europe,Norway,Meat,Online,C,12/14/2012,796818053,12/25/2012,5024,421.89,364.69,2119575.36

Sub-Saharan Africa,Senegal,Vegetables,Offline,H,11/16/2013,799882209,11/21/2013,1776,154.06,90.93,273610.56

Sub-Saharan Africa,Cote d'Ivoire,Office Supplies,Online,L,9/18/2014,158927810,10/7/2014,9125,651.21,524.96,5942291.25

Sub-Saharan Africa,Democratic Republic of the Congo,Personal Care,Online,M,8/24/2016,252079856,9/16/2016,4886,81.73,56.67,399332.78

Europe,Spain,Clothes,Offline,L,4/14/2013,657463347,5/22/2013,6870,109.28,35.84,750753.6

Sub-Saharan Africa,Republic of the Congo,Cereal,Offline,C,5/22/2013,953203284,6/24/2013,2889,205.7,117.11,594267.3

Asia,India,Office Supplies,Offline,M,7/25/2010,717424666,8/24/2010,756,651.21,524.96,492314.76

Asia,Myanmar,Clothes,Online,M,7/27/2013,428252494,9/13/2013,8285,109.28,35.84,905384.8

Central America and the Caribbean,Antigua and Barbuda ,Cereal,Offline,H,1/6/2016,563811767,1/13/2016,3286,205.7,117.11,675930.2

Asia,Mongolia,Vegetables,Offline,H,7/5/2011,702227485,8/3/2011,3573,154.06,90.93,550456.38

Europe,Denmark,Meat,Online,H,5/20/2016,421624648,6/22/2016,6958,421.89,364.69,2935510.62

Australia and Oceania,Nauru,Personal Care,Online,C,9/3/2016,200128257,10/12/2016,1253,81.73,56.67,102407.69

Central America and the Caribbean,Haiti,Office Supplies,Online,L,7/25/2013,515863311,8/12/2013,4272,651.21,524.96,2781969.12

Australia and Oceania,Nauru,Cereal,Online,M,10/24/2015,946954810,12/5/2015,3827,205.7,117.11,787213.9

Central America and the Caribbean,Saint Kitts and Nevis ,Personal Care,Online,C,1/9/2017,171527755,2/6/2017,7729,81.73,56.67,631691.17

Europe,Czech Republic,Snacks,Online,C,10/25/2010,467707145,12/12/2010,3792,152.58,97.44,578583.36

Sub-Saharan Africa,Botswana,Clothes,Offline,C,7/6/2013,513617980,7/28/2013,9829,109.28,35.84,1074113.12

Europe,Denmark,Office Supplies,Offline,M,2/25/2011,787385261,3/18/2011,3651,651.21,524.96,2377567.71

Australia and Oceania,Nauru,Household,Offline,M,6/28/2012,867133986,7/13/2012,3071,668.27,502.54,2052257.17

Middle East and North Africa,Libya,Personal Care,Online,H,2/21/2011,330989158,3/17/2011,5902,81.73,56.67,482370.46

Sub-Saharan Africa,Equatorial Guinea,Cereal,Online,H,11/9/2015,557075774,11/28/2015,9956,205.7,117.11,2047949.2

Middle East and North Africa,Libya,Cosmetics,Offline,L,9/3/2012,223518836,9/22/2012,3046,437.2,263.33,1331711.2

Europe,Albania,Clothes,Offline,C,5/9/2010,708443343,6/24/2010,2983,109.28,35.84,325982.24

Central America and the Caribbean,Dominica,Beverages,Online,C,1/27/2010,689974296,2/14/2010,7582,47.45,31.79,359765.9

Sub-Saharan Africa,Mali,Office Supplies,Offline,M,1/8/2013,646236693,1/15/2013,4653,651.21,524.96,3030080.13

Central America and the Caribbean,Dominican Republic,Meat,Offline,M,10/21/2012,155355536,11/24/2012,2010,421.89,364.69,847998.9

Central America and the Caribbean,Dominican Republic,Beverages,Online,H,8/11/2010,595455825,8/28/2010,7466,47.45,31.79,354261.7

Europe,Russia,Household,Online,H,3/11/2015,644662559,4/9/2015,8832,668.27,502.54,5902160.64

Sub-Saharan Africa,South Sudan,Snacks,Online,M,8/1/2012,781100738,9/9/2012,3921,152.58,97.44,598266.18

Europe,San Marino,Fruits,Offline,M,7/19/2011,582895362,8/4/2011,546,9.33,6.92,5094.18

Sub-Saharan Africa,Zimbabwe,Baby Food,Online,M,4/6/2013,528171432,5/9/2013,6519,255.28,159.42,1664170.32

Sub-Saharan Africa,Seychelles ,Baby Food,Offline,L,5/6/2011,195053946,5/13/2011,9652,255.28,159.42,2463962.56

Australia and Oceania,New Zealand,Cosmetics,Offline,M,7/17/2014,961667907,7/29/2014,7759,437.2,263.33,3392234.8

Sub-Saharan Africa,Sierra Leone,Personal Care,Online,C,6/21/2016,606138312,7/7/2016,8651,81.73,56.67,707046.23

Middle East and North Africa,Syria,Cosmetics,Online,M,9/28/2010,506590163,11/7/2010,142,437.2,263.33,62082.4

Sub-Saharan Africa,Gabon,Snacks,Offline,M,9/5/2013,241148459,9/8/2013,43,152.58,97.44,6560.94

Asia,Japan,Personal Care,Offline,H,4/29/2011,287938201,5/27/2011,6167,81.73,56.67,504028.91

Sub-Saharan Africa,The Gambia,Office Supplies,Online,L,6/7/2012,225084388,7/10/2012,6327,651.21,524.96,4120205.67

Central America and the Caribbean,Cuba,Fruits,Offline,M,8/13/2010,530712020,9/21/2010,8335,9.33,6.92,77765.55

Middle East and North Africa,Afghanistan,Cosmetics,Offline,L,8/17/2014,782946097,9/2/2014,4,437.2,263.33,1748.8

Asia,Tajikistan,Baby Food,Online,C,7/3/2010,559911620,8/8/2010,9146,255.28,159.42,2334790.88

Middle East and North Africa,Azerbaijan,Clothes,Offline,C,7/30/2014,339733588,8/16/2014,3573,109.28,35.84,390457.44

Sub-Saharan Africa,Zimbabwe,Office Supplies,Offline,M,11/18/2012,600537002,12/19/2012,1099,651.21,524.96,715679.79

Asia,Kazakhstan,Baby Food,Offline,M,3/7/2014,920446860,4/24/2014,9535,255.28,159.42,2434094.8

Middle East and North Africa,Morocco,Office Supplies,Offline,M,1/29/2012,877588164,3/6/2012,6695,651.21,524.96,4359850.95

Asia,Kyrgyzstan,Personal Care,Offline,L,5/1/2015,950085914,5/20/2015,390,81.73,56.67,31874.7

Middle East and North Africa,Turkey,Personal Care,Offline,H,7/19/2017,716065108,8/3/2017,8433,81.73,56.67,689229.09

Europe,Norway,Vegetables,Online,M,5/6/2012,653650748,6/21/2012,8637,154.06,90.93,1330616.22

Europe,Bosnia and Herzegovina,Snacks,Offline,C,1/18/2016,340967833,2/16/2016,8814,152.58,97.44,1344840.12

Europe,Romania,Baby Food,Online,L,9/10/2014,256141364,10/18/2014,6777,255.28,159.42,1730032.56

Central America and the Caribbean,Grenada,Snacks,Offline,C,1/14/2017,877296340,2/25/2017,337,152.58,97.44,51419.46

Europe,Germany,Fruits,Offline,C,9/10/2016,882557761,9/20/2016,7309,9.33,6.92,68192.97

Europe,Liechtenstein,Fruits,Online,M,11/3/2014,750050628,11/18/2014,5503,9.33,6.92,51342.99

Europe,Iceland,Snacks,Online,C,8/31/2012,957899940,9/25/2012,2734,152.58,97.44,417153.72

Australia and Oceania,Federated States of Micronesia,Baby Food,Offline,M,5/8/2011,184230697,5/18/2011,6812,255.28,159.42,1738967.36

Sub-Saharan Africa,Guinea,Personal Care,Online,C,1/29/2012,707167899,3/13/2012,5551,81.73,56.67,453683.23

Europe,Spain,Clothes,Online,L,1/12/2016,304836547,2/24/2016,6763,109.28,35.84,739060.64

Sub-Saharan Africa,Liberia,Fruits,Offline,C,10/26/2016,355361640,11/24/2016,8261,9.33,6.92,77075.13

Europe,Belgium,Cosmetics,Offline,C,8/19/2015,436868178,9/10/2015,7857,437.2,263.33,3435080.4

Sub-Saharan Africa,Cameroon,Meat,Online,H,8/23/2013,127481162,10/6/2013,3364,421.89,364.69,1419237.96

Central America and the Caribbean,Grenada,Cosmetics,Online,L,1/16/2012,805325591,1/28/2012,2593,437.2,263.33,1133659.6

Sub-Saharan Africa,Comoros,Cosmetics,Offline,H,1/5/2012,248526465,2/24/2012,3359,437.2,263.33,1468554.8

Central America and the Caribbean,Trinidad and Tobago,Office Supplies,Offline,M,9/25/2014,735208785,10/21/2014,3472,651.21,524.96,2261001.12

Asia,Singapore,Beverages,Offline,C,10/26/2013,943497550,11/6/2013,747,47.45,31.79,35445.15

Sub-Saharan Africa,Comoros,Household,Offline,C,6/14/2010,451517760,7/9/2010,2994,668.27,502.54,2000800.38

Asia,Turkmenistan,Personal Care,Offline,L,5/21/2013,637394416,6/29/2013,8027,81.73,56.67,656046.71

Asia,Cambodia,Household,Online,L,3/26/2016,179252517,4/17/2016,3658,668.27,502.54,2444531.66

Asia,India,Snacks,Online,C,8/9/2012,455217063,9/24/2012,7700,152.58,97.44,1174866

Sub-Saharan Africa,Mozambique,Cosmetics,Offline,C,4/4/2011,143413054,5/4/2011,7965,437.2,263.33,3482298

Asia,South Korea,Meat,Offline,L,5/15/2013,621965491,6/29/2013,2265,421.89,364.69,955580.85

Europe,Ireland,Beverages,Online,L,7/22/2012,568999373,8/1/2012,8414,47.45,31.79,399244.3

Europe,Poland,Fruits,Offline,M,1/1/2010,462639701,2/19/2010,4223,9.33,6.92,39400.59

Australia and Oceania,Marshall Islands,Household,Offline,L,6/16/2014,781011474,7/13/2014,7506,668.27,502.54,5016034.62

Europe,Serbia,Beverages,Offline,H,12/19/2011,202239692,1/6/2012,6074,47.45,31.79,288211.3

Sub-Saharan Africa,Ethiopia,Cosmetics,Online,C,4/12/2011,104449355,5/24/2011,7740,437.2,263.33,3383928

Europe,Kosovo,Fruits,Online,H,7/31/2013,965765464,8/18/2013,317,9.33,6.92,2957.61

Asia,Kyrgyzstan,Cosmetics,Offline,M,6/25/2012,564313018,7/12/2012,1617,437.2,263.33,706952.4

Europe,Macedonia,Beverages,Offline,C,9/27/2016,278217017,10/6/2016,9453,47.45,31.79,448544.85

Asia,Tajikistan,Office Supplies,Offline,L,5/23/2012,585602462,6/7/2012,1637,651.21,524.96,1066030.77

Sub-Saharan Africa,Mozambique,Household,Offline,M,10/8/2015,164594352,10/12/2015,5981,668.27,502.54,3996922.87

Middle East and North Africa,Israel,Household,Offline,H,11/25/2012,393317687,1/13/2013,299,668.27,502.54,199812.73

Sub-Saharan Africa,Senegal,Vegetables,Offline,H,7/21/2012,849897468,8/7/2012,2402,154.06,90.93,370052.12

Europe,Spain,Household,Offline,L,11/27/2015,212458693,12/28/2015,104,668.27,502.54,69500.08

Sub-Saharan Africa,Ghana,Household,Online,H,7/25/2016,759126365,8/3/2016,1216,668.27,502.54,812616.32

Europe,Bulgaria,Cosmetics,Offline,L,9/20/2015,268025481,10/13/2015,3551,437.2,263.33,1552497.2

Sub-Saharan Africa,Madagascar,Vegetables,Online,L,7/20/2014,117281043,9/1/2014,4922,154.06,90.93,758283.32

Sub-Saharan Africa,South Sudan,Baby Food,Online,M,3/29/2014,785018050,5/7/2014,3141,255.28,159.42,801834.48

Middle East and North Africa,Libya,Cereal,Online,H,12/22/2015,949361503,1/22/2016,6020,205.7,117.11,1238314

Europe,Netherlands,Clothes,Offline,H,5/11/2013,188436400,6/20/2013,1373,109.28,35.84,150041.44

Middle East and North Africa,Somalia,Snacks,Offline,L,2/26/2015,780367743,4/3/2015,7012,152.58,97.44,1069890.96

Middle East and North Africa,United Arab Emirates,Fruits,Offline,C,12/21/2014,503280532,1/30/2015,748,9.33,6.92,6978.84

Middle East and North Africa,Algeria,Cereal,Offline,M,12/27/2013,735299766,1/16/2014,395,205.7,117.11,81251.5

Central America and the Caribbean,Cuba,Fruits,Offline,M,5/24/2013,154550445,7/13/2013,3766,9.33,6.92,35136.78

Middle East and North Africa,Jordan,Clothes,Online,C,5/15/2014,139157569,7/1/2014,8672,109.28,35.84,947676.16

Central America and the Caribbean,Saint Lucia,Personal Care,Offline,M,7/11/2010,267246139,8/12/2010,2926,81.73,56.67,239141.98

Central America and the Caribbean,Guatemala,Personal Care,Offline,M,8/13/2010,116941154,9/9/2010,4341,81.73,56.67,354789.93

Sub-Saharan Africa,Republic of the Congo,Snacks,Online,L,10/29/2015,166367614,10/29/2015,729,152.58,97.44,111230.82

Central America and the Caribbean,Saint Lucia,Vegetables,Online,L,3/12/2012,893650519,4/5/2012,9902,154.06,90.93,1525502.12

Asia,Japan,Beverages,Online,C,1/18/2016,976914870,2/4/2016,9674,47.45,31.79,459031.3

Central America and the Caribbean,The Bahamas,Personal Care,Online,M,6/4/2013,894285666,6/4/2013,7857,81.73,56.67,642152.61

Sub-Saharan Africa,Seychelles ,Office Supplies,Online,L,1/30/2013,223887908,3/16/2013,2262,651.21,524.96,1473037.02

Central America and the Caribbean,Grenada,Vegetables,Offline,C,3/14/2016,343846595,4/2/2016,703,154.06,90.93,108304.18

Europe,Monaco,Fruits,Offline,H,5/24/2016,832286727,7/8/2016,993,9.33,6.92,9264.69

Asia,Cambodia,Cosmetics,Online,H,11/5/2014,367333304,12/17/2014,943,437.2,263.33,412279.6

Asia,Bhutan,Baby Food,Online,L,9/25/2012,327111327,10/26/2012,8366,255.28,159.42,2135672.48

Asia,Kyrgyzstan,Snacks,Offline,M,3/31/2011,289745795,5/2/2011,1074,152.58,97.44,163870.92

Sub-Saharan Africa,Niger,Personal Care,Online,M,7/26/2011,733361709,8/10/2011,6881,81.73,56.67,562384.13

Australia and Oceania,Solomon Islands,Cosmetics,Offline,H,11/15/2014,336084067,11/15/2014,3599,437.2,263.33,1573482.8

Middle East and North Africa,Azerbaijan,Household,Offline,L,10/12/2014,476037871,10/21/2014,9040,668.27,502.54,6041160.8

Asia,China,Beverages,Online,M,6/21/2012,731348121,7/2/2012,1016,47.45,31.79,48209.2

Middle East and North Africa,Saudi Arabia,Beverages,Offline,L,9/14/2016,680139815,10/11/2016,7340,47.45,31.79,348283

Europe,Netherlands,Clothes,Offline,M,7/6/2013,800537955,8/2/2013,5826,109.28,35.84,636665.28

Europe,Croatia,Fruits,Offline,M,8/26/2011,670667541,9/26/2011,4284,9.33,6.92,39969.72

Europe,Slovenia,Office Supplies,Offline,L,4/22/2012,768653571,5/1/2012,528,651.21,524.96,343838.88

Central America and the Caribbean,Saint Lucia,Vegetables,Online,L,8/31/2016,672621047,10/2/2016,2370,154.06,90.93,365122.2

Europe,Macedonia,Clothes,Online,M,10/4/2010,860694968,10/24/2010,7622,109.28,35.84,832932.16

Europe,Russia,Snacks,Online,H,12/2/2010,911000335,1/16/2011,4098,152.58,97.44,625272.84

Europe,Romania,Meat,Online,M,10/3/2010,401662147,10/27/2010,9610,421.89,364.69,4054362.9

Asia,South Korea,Household,Offline,M,6/14/2011,710805404,7/13/2011,1969,668.27,502.54,1315823.63

Sub-Saharan Africa,Tanzania,Vegetables,Online,M,3/10/2014,516555106,4/10/2014,8990,154.06,90.93,1384999.4

Central America and the Caribbean,Panama,Meat,Offline,L,7/31/2012,297036254,9/19/2012,8483,421.89,364.69,3578892.87

Australia and Oceania,Marshall Islands,Cereal,Online,L,5/20/2015,530373847,5/25/2015,8262,205.7,117.11,1699493.4

Europe,Romania,Cereal,Offline,M,3/15/2016,794692885,4/3/2016,6139,205.7,117.11,1262792.3

Sub-Saharan Africa,South Africa,Office Supplies,Online,H,3/24/2016,668118369,4/2/2016,9927,651.21,524.96,6464561.67

Sub-Saharan Africa,Malawi,Cosmetics,Online,H,8/22/2016,628775298,10/10/2016,7438,437.2,263.33,3251893.6

Australia and Oceania,Australia,Cosmetics,Online,H,1/18/2011,254788672,1/23/2011,6485,437.2,263.33,2835242

Sub-Saharan Africa,Swaziland,Meat,Online,C,10/13/2015,924283492,10/13/2015,4880,421.89,364.69,2058823.2

Europe,Georgia,Baby Food,Online,H,11/17/2016,415384757,11/22/2016,435,255.28,159.42,111046.8

Australia and Oceania,Samoa ,Snacks,Online,L,7/10/2015,106217467,8/18/2015,964,152.58,97.44,147087.12

Europe,Lithuania,Clothes,Online,H,11/23/2012,474906623,12/15/2012,4278,109.28,35.84,467499.84

Europe,Bulgaria,Beverages,Offline,L,3/8/2010,199577224,4/2/2010,8190,47.45,31.79,388615.5

